Network,School ID,Educational Unit,Total,White No,White Pct,African American No,African American Pct,"Asian/
Pacific Islander No","Asian/
Pacific Islander Pct","Native American/
Alaskan No","Native American/
Alaskan Pct",Hispanic No,Hispanic Pct,Mulit-Racial No,Mulit-Racial Pct,Asian No,Asian Pct,"Hawaiian/
Pacific Islander No","Hawaiian/
Pacific Islander Pct","Not 
Available No","Not 
Available Pct"
Network 1,610212,ALBANY PARK,  243 ,13,5.3,13,5.3,0,0.0,1,0.4,197,81.1,5,2.1,13,5.4,0,0.0,1,0.4
Network 1,609792,BATEMAN,  887 ,133,15.0,21,2.4,0,0.0,5,0.6,680,76.7,20,2.3,25,2.8,3,0.3,0,0.0
Network 1,610083,BEARD,  195 ,68,34.9,7,3.6,0,0.0,1,0.5,75,38.5,6,3.1,37,19.0,1,0.5,0,0.0
Network 1,609796,BEAUBIEN,"  1,020 ",389,38.1,17,1.7,0,0.0,2,0.2,345,33.8,73,7.2,183,17.9,11,1.1,0,0.0
Network 1,609810,BRIDGE,"  1,063 ",438,41.2,20,1.9,0,0.0,4,0.4,546,51.4,14,1.3,40,3.8,1,0.1,0,0.0
Network 1,609836,CANTY,  765 ,381,49.8,16,2.1,0,0.0,1,0.1,333,43.5,11,1.4,23,3.0,0,0.0,0,0.0
Network 1,609857,CLEVELAND,  524 ,63,12.0,18,3.4,0,0.0,6,1.1,400,76.3,10,1.9,26,5.0,1,0.2,0,0.0
Network 1,609884,DEVER,  713 ,247,34.6,9,1.3,0,0.0,0,0.0,404,56.7,21,3.0,27,3.8,4,0.6,1,0.1
Network 1,609874,DIRKSEN,  892 ,608,68.2,21,2.4,0,0.0,1,0.1,92,10.3,10,1.1,149,16.7,2,0.2,9,1.0
Network 1,609901,EDGEBROOK,  487 ,316,64.9,7,1.4,0,0.0,0,0.0,85,17.5,37,7.6,42,8.6,0,0.0,0,0.0
Network 1,609794,EDISON,  250 ,147,58.8,10,4.0,0,0.0,1,0.4,25,10.0,31,12.4,36,14.4,0,0.0,0,0.0
Network 1,610523,EDISON PARK,  514 ,366,71.2,5,1.0,0,0.0,1,0.2,111,21.6,9,1.8,22,4.3,0,0.0,0,0.0
Network 1,609912,FARNSWORTH,  566 ,211,37.3,17,3.0,0,0.0,1,0.2,249,44.0,9,1.6,73,12.9,3,0.5,3,0.5
Network 1,609937,GARVY,  774 ,407,52.6,12,1.6,0,0.0,3,0.4,263,34.0,27,3.5,46,5.9,16,2.1,0,0.0
Network 1,609949,GRAY,"  1,055 ",76,7.2,26,2.5,0,0.0,9,0.9,896,84.9,4,0.4,20,1.9,1,0.1,23,2.2
Network 1,609972,HAUGAN,  893 ,49,5.5,38,4.3,0,0.0,1,0.1,751,84.1,5,0.6,49,5.5,0,0.0,0,0.0
Network 1,609988,HENRY,  515 ,27,5.2,16,3.1,0,0.0,13,2.5,412,80.0,3,0.6,14,2.7,2,0.4,28,5.4
Network 1,609994,HIBBARD,  875 ,67,7.7,46,5.3,0,0.0,10,1.1,696,79.5,3,0.3,52,5.9,1,0.1,0,0.0
Network 1,609995,HITCH,  519 ,195,37.6,6,1.2,0,0.0,1,0.2,236,45.5,31,6.0,48,9.2,0,0.0,2,0.4
Network 1,610089,MURPHY,  546 ,125,22.9,13,2.4,0,0.0,1,0.2,360,65.9,11,2.0,35,6.4,1,0.2,0,0.0
Network 1,610354,NORTH RIVER,  276 ,10,3.6,7,2.5,0,0.0,2,0.7,231,83.7,0,0.0,7,2.5,3,1.1,16,5.8
Network 1,610099,NORWOOD PARK,  427 ,252,59.0,2,0.5,0,0.0,0,0.0,135,31.6,20,4.7,18,4.2,0,0.0,0,0.0
Network 1,610104,ONAHAN,  677 ,432,63.8,12,1.8,0,0.0,4,0.6,178,26.3,19,2.8,23,3.4,0,0.0,9,1.3
Network 1,610105,ORIOLE PARK,  672 ,424,63.1,10,1.5,0,0.0,1,0.1,179,26.6,11,1.6,46,6.8,1,0.1,0,0.0
Network 1,610127,PETERSON,  884 ,249,28.2,64,7.2,0,0.0,5,0.6,323,36.5,36,4.1,196,22.2,2,0.2,9,1.0
Network 1,610135,PORTAGE PARK,  829 ,233,28.1,23,2.8,0,0.0,16,1.9,514,62.0,17,2.1,19,2.3,7,0.8,0,0.0
Network 1,610137,PRUSSING,  690 ,295,42.8,10,1.4,0,0.0,3,0.4,321,46.5,12,1.7,43,6.2,5,0.7,1,0.1
Network 1,610145,REINBERG,  711 ,108,15.2,24,3.4,0,0.0,5,0.7,544,76.5,8,1.1,19,2.7,2,0.3,1,0.1
Network 1,610155,SAUGANASH,  615 ,314,51.1,11,1.8,0,0.0,1,0.2,121,19.7,27,4.4,139,22.6,2,0.3,0,0.0
Network 1,610159,SCAMMON,  685 ,48,7.0,14,2.0,0,0.0,4,0.6,607,88.6,7,1.0,5,0.7,0,0.0,0,0.0
Network 1,610182,SOLOMON,  353 ,138,39.1,22,6.2,0,0.0,0,0.0,64,18.1,8,2.3,121,34.3,0,0.0,0,0.0
Network 1,610163,STOCK,  209 ,147,70.3,10,4.8,0,0.0,0,0.0,33,15.8,5,2.4,12,5.7,0,0.0,2,1.0
Network 1,610209,VOLTA,  724 ,38,5.2,15,2.1,0,0.0,0,0.0,493,68.1,1,0.1,162,22.4,1,0.1,14,1.9
Network 1,610230,WILDWOOD,  474 ,302,63.7,12,2.5,0,0.0,0,0.0,89,18.8,30,6.3,40,8.4,1,0.2,0,0.0
Network 2,609804,BOONE,  789 ,132,16.7,79,10.0,0,0.0,32,4.1,325,41.2,7,0.9,211,26.7,0,0.0,3,0.4
Network 2,610242,BRENNEMANN,  371 ,23,6.2,220,59.3,0,0.0,7,1.9,82,22.1,10,2.7,16,4.3,1,0.3,12,3.2
Network 2,610355,COURTENAY,  272 ,19,7.0,124,45.6,0,0.0,2,0.7,110,40.4,5,1.8,12,4.4,0,0.0,0,0.0
Network 2,609880,DECATUR,  286 ,126,44.1,15,5.2,0,0.0,0,0.0,36,12.6,21,7.3,83,29.0,1,0.3,4,1.4
Network 2,610363,DISNEY,"  1,538 ",231,15.0,740,48.1,0,0.0,9,0.6,317,20.6,61,4.0,177,11.5,3,0.2,0,0.0
Network 2,609918,FIELD,  137 ,4,2.9,55,40.1,0,0.0,0,0.0,71,51.8,2,1.5,5,3.7,0,0.0,0,0.0
Network 2,609933,GALE,  212 ,11,5.2,138,65.1,0,0.0,0,0.0,50,23.6,3,1.4,9,4.2,0,0.0,1,0.5
Network 2,609976,HAYT,  876 ,78,8.9,166,18.9,0,0.0,10,1.1,383,43.7,24,2.7,211,24.1,4,0.5,0,0.0
Network 2,610011,JAMIESON,  857 ,254,29.6,80,9.3,0,0.0,0,0.0,273,31.9,24,2.8,226,26.4,0,0.0,0,0.0
Network 2,609865,JORDAN,  445 ,21,4.7,122,27.4,0,0.0,3,0.7,277,62.2,4,0.9,14,3.1,4,0.9,0,0.0
Network 2,610022,KILMER,  742 ,89,12.0,209,28.2,0,0.0,6,0.8,327,44.1,23,3.1,77,10.4,2,0.3,9,1.2
Network 2,610269,MCCUTCHEON,  325 ,33,10.2,140,43.1,0,0.0,1,0.3,78,24.0,19,5.9,53,16.3,1,0.3,0,0.0
Network 2,610070,MCPHERSON,  620 ,106,17.1,36,5.8,0,0.0,1,0.2,426,68.7,25,4.0,26,4.2,0,0.0,0,0.0
Network 2,610284,NEW FIELD,  573 ,88,15.4,169,29.5,0,0.0,3,0.5,230,40.1,21,3.7,60,10.5,2,0.3,0,0.0
Network 2,610141,RAVENSWOOD,  533 ,241,45.2,51,9.6,0,0.0,0,0.0,169,31.7,55,10.3,16,3.0,1,0.2,0,0.0
Network 2,610191,STONE,  566 ,158,27.9,142,25.1,0,0.0,2,0.4,79,14.0,26,4.6,158,27.9,1,0.2,0,0.0
Network 2,610196,SWIFT,  594 ,109,18.4,136,22.9,0,0.0,5,0.8,174,29.3,19,3.2,151,25.4,0,0.0,0,0.0
Network 2,610220,WATERS,  647 ,376,58.1,20,3.1,0,0.0,2,0.3,166,25.7,44,6.8,35,5.4,2,0.3,2,0.3
Network 3,609830,BRUNSON,  413 ,0,0.0,363,87.9,0,0.0,0,0.0,49,11.9,0,0.0,0,0.0,1,0.2,0,0.0
Network 3,609818,BURBANK,  772 ,16,2.1,28,3.6,0,0.0,3,0.4,723,93.7,0,0.0,2,0.3,0,0.0,0,0.0
Network 3,610367,DEPRIEST,  483 ,0,0.0,453,93.8,0,0.0,0,0.0,28,5.8,2,0.4,0,0.0,0,0.0,0,0.0
Network 3,609904,ELLINGTON,  432 ,1,0.2,412,95.4,0,0.0,3,0.7,16,3.7,0,0.0,0,0.0,0,0.0,0,0.0
Network 3,609910,FALCONER,  971 ,37,3.8,7,0.7,0,0.0,4,0.4,917,94.4,1,0.1,5,0.5,0,0.0,0,0.0
Network 3,610068,HANSON PARK,"  1,304 ",20,1.5,30,2.3,0,0.0,5,0.4,1242,95.2,1,0.1,5,0.4,1,0.1,0,0.0
Network 3,609975,HAY,  283 ,2,0.7,234,82.7,0,0.0,0,0.0,41,14.5,2,0.7,2,0.7,0,0.0,2,0.7
Network 3,610305,LELAND,  366 ,1,0.3,343,93.7,0,0.0,2,0.5,19,5.2,0,0.0,0,0.0,1,0.3,0,0.0
Network 3,610041,LOCKE J,"  1,195 ",137,11.5,45,3.8,0,0.0,0,0.0,983,82.3,5,0.4,17,1.4,8,0.7,0,0.0
Network 3,610043,LOVETT,  313 ,1,0.3,262,83.7,0,0.0,1,0.3,48,15.3,1,0.3,0,0.0,0,0.0,0,0.0
Network 3,610046,LYON,"  1,192 ",66,5.5,19,1.6,0,0.0,4,0.3,1066,89.4,1,0.1,23,1.9,5,0.4,8,0.7
Network 3,610092,NASH,  231 ,0,0.0,217,93.9,0,0.0,0,0.0,12,5.2,2,0.9,0,0.0,0,0.0,0,0.0
Network 3,610051,NORTHWEST,  547 ,12,2.2,18,3.3,0,0.0,1,0.2,506,92.5,2,0.4,4,0.7,4,0.7,0,0.0
Network 3,610533,PRIETO,  866 ,7,0.8,32,3.7,0,0.0,3,0.3,821,94.8,1,0.1,1,0.1,1,0.1,0,0.0
Network 3,610158,SAYRE,  437 ,41,9.4,177,40.5,0,0.0,2,0.5,201,46.0,12,2.8,2,0.5,1,0.2,1,0.2
Network 3,610165,SCHUBERT,  574 ,15,2.6,9,1.6,0,0.0,3,0.5,542,94.4,0,0.0,5,0.9,0,0.0,0,0.0
Network 3,610183,SPENCER,  437 ,2,0.5,417,95.4,0,0.0,0,0.0,10,2.3,2,0.5,0,0.0,0,0.0,6,1.4
Network 3,610235,YOUNG ES,  589 ,0,0.0,496,84.2,0,0.0,1,0.2,87,14.8,0,0.0,0,0.0,2,0.3,3,0.5
Network 4,609774,ALCOTT ES,  614 ,360,58.6,24,3.9,0,0.0,3,0.5,91,14.8,50,8.1,64,10.4,1,0.2,21,3.4
Network 4,609782,AUDUBON,  521 ,345,66.2,3,0.6,0,0.0,2,0.4,106,20.3,37,7.1,26,5.0,0,0.0,2,0.4
Network 4,610325,AVONDALE-LOGANDALE,  575 ,10,1.7,35,6.1,0,0.0,2,0.3,519,90.3,3,0.5,3,0.5,3,0.5,0,0.0
Network 4,609789,BARRY,  504 ,7,1.4,14,2.8,0,0.0,3,0.6,470,93.3,1,0.2,9,1.8,0,0.0,0,0.0
Network 4,609799,BELL,  981 ,574,58.5,16,1.6,0,0.0,1,0.1,163,16.6,101,10.3,121,12.3,5,0.5,0,0.0
Network 4,609803,BLAINE,  746 ,503,67.4,22,2.9,0,0.0,0,0.0,112,15.0,51,6.8,55,7.4,3,0.4,0,0.0
Network 4,609809,BRENTANO,  600 ,197,32.8,21,3.5,0,0.0,0,0.0,333,55.5,35,5.8,6,1.0,5,0.8,3,0.5
Network 4,609853,CHASE,  388 ,41,10.6,25,6.4,0,0.0,1,0.3,316,81.4,2,0.5,3,0.8,0,0.0,0,0.0
Network 4,609875,DARWIN,  544 ,45,8.3,37,6.8,0,0.0,2,0.4,444,81.6,8,1.5,7,1.3,1,0.2,0,0.0
Network 4,609926,FRANKLIN,  364 ,89,24.5,175,48.1,0,0.0,0,0.0,63,17.3,11,3.0,26,7.1,0,0.0,0,0.0
Network 4,609930,FUNSTON,  423 ,6,1.4,33,7.8,0,0.0,0,0.0,382,90.3,2,0.5,0,0.0,0,0.0,0,0.0
Network 4,609942,GOETHE,  740 ,150,20.3,30,4.1,0,0.0,13,1.8,507,68.5,26,3.5,7,0.9,1,0.1,6,0.8
Network 4,609850,GREELEY,  444 ,47,10.6,89,20.0,0,0.0,2,0.5,281,63.3,17,3.8,8,1.8,0,0.0,0,0.0
Network 4,609963,HAMILTON,  460 ,324,70.4,17,3.7,0,0.0,0,0.0,63,13.7,33,7.2,18,3.9,0,0.0,5,1.1
Network 4,609974,HAWTHORNE,  569 ,293,51.5,40,7.0,0,0.0,2,0.4,125,22.0,46,8.1,62,10.9,1,0.2,0,0.0
Network 4,610078,INTER-AMERICAN,  701 ,80,11.4,15,2.1,0,0.0,2,0.3,591,84.3,8,1.1,5,0.7,0,0.0,0,0.0
Network 4,610010,JAHN,  308 ,106,34.4,43,14.0,0,0.0,1,0.3,137,44.5,13,4.2,7,2.3,1,0.3,0,0.0
Network 4,610033,LASALLE,  508 ,171,33.7,167,32.9,0,0.0,1,0.2,108,21.3,28,5.5,32,6.3,1,0.2,0,0.0
Network 4,610048,MANIERRE,  290 ,0,0.0,282,97.2,0,0.0,0,0.0,4,1.4,0,0.0,4,1.4,0,0.0,0,0.0
Network 4,610059,MAYER,  685 ,476,69.5,54,7.9,0,0.0,4,0.6,93,13.6,19,2.8,30,4.4,9,1.3,0,0.0
Network 4,609968,MCAULIFFE,  638 ,13,2.0,20,3.1,0,0.0,2,0.3,591,92.6,5,0.8,0,0.0,0,0.0,7,1.1
Network 4,610074,MONROE,  725 ,24,3.3,23,3.2,0,0.0,0,0.0,672,92.7,4,0.6,2,0.3,0,0.0,0,0.0
Network 4,610088,MOZART,  508 ,13,2.6,23,4.5,0,0.0,1,0.2,469,92.3,0,0.0,2,0.4,0,0.0,0,0.0
Network 4,610094,NETTELHORST,  714 ,404,56.6,88,12.3,0,0.0,4,0.6,90,12.6,56,7.8,66,9.2,6,0.8,0,0.0
Network 4,610095,NEWBERRY,  418 ,40,9.6,252,60.3,0,0.0,0,0.0,96,23.0,17,4.1,9,2.2,0,0.0,4,1.0
Network 4,610097,NIXON,  667 ,12,1.8,15,2.2,0,0.0,3,0.4,635,95.2,0,0.0,2,0.3,0,0.0,0,0.0
Network 4,610136,PRESCOTT,  505 ,208,41.2,69,13.7,0,0.0,3,0.6,152,30.1,34,6.7,38,7.5,1,0.2,0,0.0
Network 4,610144,REILLY,  681 ,15,2.2,10,1.5,0,0.0,3,0.4,645,94.7,3,0.4,5,0.7,0,0.0,0,0.0
Network 4,610534,SKINNER NORTH,  510 ,169,33.1,40,7.8,0,0.0,2,0.4,54,10.6,41,8.0,204,40.0,0,0.0,0,0.0
Network 5,609797,BEIDLER,  334 ,0,0.0,325,97.3,0,0.0,0,0.0,9,2.7,0,0.0,0,0.0,0,0.0,0,0.0
Network 5,610251,CATHER,  366 ,1,0.3,339,92.6,0,0.0,1,0.3,19,5.2,2,0.6,2,0.5,0,0.0,2,0.5
Network 5,609854,CHOPIN,  314 ,18,5.7,83,26.4,0,0.0,1,0.3,207,65.9,5,1.6,0,0.0,0,0.0,0,0.0
Network 5,609873,CROWN,  178 ,0,0.0,160,89.9,0,0.0,0,0.0,16,9.0,1,0.6,0,0.0,0,0.0,1,0.6
Network 5,610313,DE DIEGO,  454 ,19,4.2,120,26.4,0,0.0,0,0.0,303,66.7,5,1.1,7,1.5,0,0.0,0,0.0
Network 5,609907,ERICSON,  454 ,0,0.0,445,98.0,0,0.0,0,0.0,7,1.5,1,0.2,0,0.0,0,0.0,1,0.2
Network 5,610055,FARADAY,  207 ,0,0.0,200,96.6,0,0.0,0,0.0,7,3.4,0,0.0,0,0.0,0,0.0,0,0.0
Network 5,609954,GREGORY,  307 ,0,0.0,298,97.1,0,0.0,0,0.0,6,2.0,3,1.0,0,0.0,0,0.0,0,0.0
Network 5,609985,HEFFERAN,  255 ,2,0.8,242,94.9,0,0.0,0,0.0,11,4.3,0,0.0,0,0.0,0,0.0,0,0.0
Network 5,610005,HUGHES C,  232 ,0,0.0,226,97.4,0,0.0,0,0.0,4,1.7,0,0.0,0,0.0,2,0.9,0,0.0
Network 5,610271,JENSEN,  355 ,0,0.0,342,96.3,0,0.0,0,0.0,12,3.4,1,0.3,0,0.0,0,0.0,0,0.0
Network 5,609925,KELLMAN,  216 ,0,0.0,213,98.6,0,0.0,1,0.5,2,0.9,0,0.0,0,0.0,0,0.0,0,0.0
Network 5,610034,LAWNDALE,  207 ,0,0.0,201,97.1,0,0.0,0,0.0,6,2.9,0,0.0,0,0.0,0,0.0,0,0.0
Network 5,610044,LOWELL,  324 ,6,1.9,65,20.1,0,0.0,0,0.0,248,76.5,5,1.5,0,0.0,0,0.0,0,0.0
Network 5,610056,MASON,  299 ,0,0.0,291,97.3,0,0.0,0,0.0,8,2.7,0,0.0,0,0.0,0,0.0,0,0.0
Network 5,610293,MELODY,  326 ,1,0.3,318,97.5,0,0.0,0,0.0,7,2.1,0,0.0,0,0.0,0,0.0,0,0.0
Network 5,610073,MITCHELL,  368 ,139,37.8,39,10.6,0,0.0,1,0.3,164,44.6,16,4.4,8,2.2,0,0.0,1,0.3
Network 5,610076,MOOS,  427 ,21,4.9,52,12.2,0,0.0,0,0.0,340,79.6,6,1.4,3,0.7,0,0.0,5,1.2
Network 5,610123,PENN,  235 ,0,0.0,212,90.2,0,0.0,1,0.4,22,9.4,0,0.0,0,0.0,0,0.0,0,0.0
Network 5,610131,PLAMONDON,  141 ,3,2.1,45,31.9,0,0.0,0,0.0,93,66.0,0,0.0,0,0.0,0,0.0,0,0.0
Network 5,610192,STOWE,  584 ,11,1.9,48,8.2,0,0.0,2,0.3,515,88.2,5,0.9,3,0.5,0,0.0,0,0.0
Network 5,610194,SUMNER,  235 ,1,0.4,227,96.6,0,0.0,0,0.0,6,2.6,1,0.4,0,0.0,0,0.0,0,0.0
Network 5,610202,TILTON,  258 ,0,0.0,246,95.3,0,0.0,0,0.0,12,4.7,0,0.0,0,0.0,0,0.0,0,0.0
Network 5,610133,WARD L,  336 ,1,0.3,297,88.4,0,0.0,0,0.0,35,10.4,0,0.0,1,0.3,2,0.6,0,0.0
Network 5,610221,WEBSTER,  246 ,0,0.0,241,98.0,0,0.0,1,0.4,3,1.2,1,0.4,0,0.0,0,0.0,0,0.0
Network 5,610234,YATES,  322 ,11,3.4,67,20.8,0,0.0,1,0.3,238,73.9,4,1.2,0,0.0,1,0.3,0,0.0
Network 6,609777,ARMOUR,  253 ,23,9.1,11,4.3,0,0.0,1,0.4,192,75.9,9,3.6,17,6.7,0,0.0,0,0.0
Network 6,609812,BROWN W,  194 ,4,2.1,176,90.7,0,0.0,0,0.0,12,6.2,0,0.0,0,0.0,0,0.0,2,1.0
Network 6,609828,BURR,  492 ,212,43.1,44,8.9,0,0.0,1,0.2,180,36.6,34,6.9,21,4.3,0,0.0,0,0.0
Network 6,610252,DETT,  315 ,7,2.2,286,90.8,0,0.0,2,0.6,16,5.1,3,1.0,1,0.3,0,0.0,0,0.0
Network 6,609896,DRUMMOND,  347 ,156,45.0,24,6.9,0,0.0,0,0.0,97,28.0,46,13.3,19,5.5,0,0.0,5,1.4
Network 6,610009,GALILEO,  559 ,56,10.0,127,22.7,0,0.0,0,0.0,327,58.5,18,3.2,27,4.8,1,0.2,3,0.5
Network 6,609947,GRAHAM ES,  363 ,98,27.0,85,23.4,0,0.0,1,0.3,179,49.3,0,0.0,0,0.0,0,0.0,0,0.0
Network 6,609959,HAINES,  597 ,0,0.0,99,16.6,0,0.0,0,0.0,13,2.2,0,0.0,485,81.2,0,0.0,0,0.0
Network 6,609979,HEALY,"  1,343 ",69,5.1,16,1.2,0,0.0,2,0.1,220,16.4,11,0.8,1022,76.1,3,0.2,0,0.0
Network 6,610121,IRVING,  310 ,8,2.6,254,81.9,0,0.0,1,0.3,44,14.2,2,0.7,1,0.3,0,0.0,0,0.0
Network 6,610060,JACKSON A,  505 ,73,14.5,135,26.7,0,0.0,1,0.2,169,33.5,24,4.8,101,20.0,0,0.0,2,0.4
Network 6,610029,LOZANO,  197 ,17,8.6,42,21.3,0,0.0,0,0.0,125,63.5,8,4.1,5,2.5,0,0.0,0,0.0
Network 6,610062,MCCLELLAN,  332 ,58,17.5,142,42.8,0,0.0,1,0.3,105,31.6,7,2.1,16,4.8,3,0.9,0,0.0
Network 6,610107,OTIS,  335 ,13,3.9,102,30.4,0,0.0,3,0.9,205,61.2,3,0.9,8,2.4,1,0.3,0,0.0
Network 6,610229,PRITZKER,  723 ,221,30.6,193,26.7,0,0.0,9,1.2,224,31.0,43,6.0,31,4.3,2,0.3,0,0.0
Network 6,610138,PULASKI,  881 ,240,27.2,12,1.4,0,0.0,4,0.5,553,62.8,36,4.1,29,3.3,0,0.0,7,0.8
Network 6,610308,RUDOLPH,  91 ,6,6.6,41,45.1,0,0.0,0,0.0,41,45.1,0,0.0,3,3.3,0,0.0,0,0.0
Network 6,610342,SABIN,  445 ,18,4.0,80,18.0,0,0.0,1,0.2,337,75.7,5,1.1,3,0.7,0,0.0,1,0.2
Network 6,610180,SMYTH,  412 ,2,0.5,387,93.9,0,0.0,1,0.2,16,3.9,2,0.5,3,0.7,1,0.2,0,0.0
Network 6,610405,SUDER,  437 ,77,17.6,228,52.2,0,0.0,1,0.2,83,19.0,21,4.8,16,3.7,3,0.7,8,1.8
Network 6,610197,TALCOTT,  425 ,32,7.5,32,7.5,0,0.0,2,0.5,347,81.6,8,1.9,4,0.9,0,0.0,0,0.0
Network 7,609867,COOPER,  454 ,1,0.2,8,1.8,0,0.0,1,0.2,443,97.6,0,0.0,1,0.2,0,0.0,0,0.0
Network 7,609967,FINKL,  241 ,8,3.3,33,13.7,0,0.0,0,0.0,197,81.7,2,0.8,0,0.0,1,0.4,0,0.0
Network 7,609938,GARY,  931 ,8,0.9,6,0.6,0,0.0,4,0.4,913,98.1,0,0.0,0,0.0,0,0.0,0,0.0
Network 7,609966,HAMMOND,  310 ,6,1.9,26,8.4,0,0.0,0,0.0,275,88.7,2,0.7,1,0.3,0,0.0,0,0.0
Network 7,609920,KANOON,  466 ,0,0.0,5,1.1,0,0.0,2,0.4,459,98.5,0,0.0,0,0.0,0,0.0,0,0.0
Network 7,610215,MADERO,  304 ,0,0.0,1,0.3,0,0.0,0,0.0,303,99.7,0,0.0,0,0.0,0,0.0,0,0.0
Network 7,610063,MCCORMICK,  531 ,10,1.9,2,0.4,0,0.0,0,0.0,518,97.6,1,0.2,0,0.0,0,0.0,0,0.0
Network 7,610329,OROZCO,  370 ,3,0.8,3,0.8,0,0.0,1,0.3,361,97.6,1,0.3,1,0.3,0,0.0,0,0.0
Network 7,609872,PEREZ,  304 ,6,2.0,7,2.3,0,0.0,0,0.0,287,94.4,0,0.0,4,1.3,0,0.0,0,0.0
Network 7,610013,PILSEN,  262 ,2,0.8,35,13.4,0,0.0,0,0.0,224,85.5,0,0.0,1,0.4,0,0.0,0,0.0
Network 7,610125,RUIZ,  523 ,7,1.3,13,2.5,0,0.0,0,0.0,498,95.2,2,0.4,2,0.4,1,0.2,0,0.0
Network 7,610017,SAUCEDO,  944 ,6,0.6,42,4.4,0,0.0,2,0.2,891,94.4,2,0.2,1,0.1,0,0.0,0,0.0
Network 7,610184,SPRY ES,  369 ,2,0.5,4,1.1,0,0.0,1,0.3,360,97.6,0,0.0,0,0.0,0,0.0,2,0.5
Network 7,609921,TELPOCHCALLI,  234 ,6,2.6,3,1.3,0,0.0,0,0.0,224,95.7,1,0.4,0,0.0,0,0.0,0,0.0
Network 7,610216,WALSH,  301 ,8,2.7,46,15.3,0,0.0,0,0.0,237,78.7,2,0.7,8,2.7,0,0.0,0,0.0
Network 7,610227,WHITNEY,  728 ,6,0.8,0,0.0,0,0.0,1,0.1,721,99.0,0,0.0,0,0.0,0,0.0,0,0.0
Network 7,610228,WHITTIER,  176 ,3,1.7,2,1.1,0,0.0,0,0.0,171,97.2,0,0.0,0,0.0,0,0.0,0,0.0
Network 8,610317,BRIGHTON PARK,  369 ,8,2.2,6,1.6,0,0.0,2,0.5,345,93.5,1,0.3,7,1.9,0,0.0,0,0.0
Network 8,610353,CALMECA,  705 ,3,0.4,5,0.7,0,0.0,2,0.3,687,97.4,0,0.0,7,1.0,0,0.0,1,0.1
Network 8,609855,CHRISTOPHER,  339 ,15,4.4,41,12.1,0,0.0,0,0.0,280,82.6,0,0.0,1,0.3,2,0.6,0,0.0
Network 8,610239,DALEY,  541 ,1,0.2,52,9.6,0,0.0,1,0.2,487,90.0,0,0.0,0,0.0,0,0.0,0,0.0
Network 8,609876,DAVIS N,  581 ,17,2.9,15,2.6,0,0.0,1,0.2,542,93.3,0,0.0,6,1.0,0,0.0,0,0.0
Network 8,609903,EDWARDS,"  1,344 ",22,1.6,20,1.5,0,0.0,6,0.4,1278,95.1,4,0.3,11,0.8,2,0.1,1,0.1
Network 8,610319,EVERGREEN,  252 ,9,3.6,8,3.2,0,0.0,1,0.4,226,89.7,2,0.8,6,2.4,0,0.0,0,0.0
Network 8,609952,GREENE,  361 ,15,4.2,13,3.6,0,0.0,0,0.0,319,88.4,3,0.8,11,3.0,0,0.0,0,0.0
Network 8,609964,HAMLINE,  534 ,3,0.6,42,7.9,0,0.0,1,0.2,483,90.4,4,0.8,1,0.2,0,0.0,0,0.0
Network 8,609983,HEDGES,  524 ,9,1.7,11,2.1,0,0.0,0,0.0,504,96.2,0,0.0,0,0.0,0,0.0,0,0.0
Network 8,610532,HERNANDEZ,"  1,002 ",6,0.6,12,1.2,0,0.0,7,0.7,972,97.0,1,0.1,3,0.3,0,0.0,1,0.1
Network 8,610096,NIGHTINGALE,"  1,082 ",6,0.6,5,0.5,0,0.0,7,0.6,1063,98.2,1,0.1,0,0.0,0,0.0,0,0.0
Network 8,610117,PASTEUR,  566 ,7,1.2,1,0.2,0,0.0,0,0.0,553,97.7,3,0.5,2,0.4,0,0.0,0,0.0
Network 8,610157,SAWYER,"  1,211 ",15,1.2,2,0.2,0,0.0,3,0.2,1188,98.1,1,0.1,1,0.1,0,0.0,1,0.1
Network 8,610167,SEWARD,  563 ,5,0.9,4,0.7,0,0.0,5,0.9,547,97.2,1,0.2,0,0.0,0,0.0,1,0.2
Network 8,610174,SHIELDS,  545 ,8,1.5,4,0.7,0,0.0,1,0.2,531,97.4,0,0.0,0,0.0,0,0.0,1,0.2
Network 8,610559,SHIELDS MIDDLE,  571 ,6,1.1,5,0.9,0,0.0,0,0.0,558,97.7,1,0.2,1,0.2,0,0.0,0,0.0
Network 8,610589,SOR JUANA,  253 ,20,7.9,10,4.0,0,0.0,1,0.4,218,86.2,0,0.0,2,0.8,0,0.0,2,0.8
Network 9,609951,ARIEL,  442 ,1,0.2,424,95.9,0,0.0,1,0.2,13,2.9,0,0.0,0,0.0,0,0.0,3,0.7
Network 9,610246,BEASLEY,"  1,115 ",2,0.2,1081,97.0,0,0.0,5,0.4,18,1.6,3,0.3,0,0.0,1,0.1,5,0.4
Network 9,610237,BEETHOVEN,  237 ,2,0.8,230,97.0,0,0.0,0,0.0,4,1.7,0,0.0,1,0.4,0,0.0,0,0.0
Network 9,610590,BRONZEVILLE CLASSICAL,  268 ,18,6.7,192,71.6,0,0.0,0,0.0,14,5.2,14,5.2,30,11.2,0,0.0,0,0.0
Network 9,609819,BURKE,  277 ,3,1.1,263,94.9,0,0.0,0,0.0,10,3.6,1,0.4,0,0.0,0,0.0,0,0.0
Network 9,609837,CARNEGIE,  567 ,5,0.9,540,95.2,0,0.0,0,0.0,11,1.9,7,1.2,3,0.5,1,0.2,0,0.0
Network 9,609891,DOOLITTLE,  223 ,0,0.0,221,99.1,0,0.0,0,0.0,2,0.9,0,0.0,0,0.0,0,0.0,0,0.0
Network 9,609894,DRAKE,  269 ,2,0.7,254,94.4,0,0.0,0,0.0,13,4.8,0,0.0,0,0.0,0,0.0,0,0.0
Network 9,609919,FISKE,  381 ,0,0.0,372,97.6,0,0.0,0,0.0,9,2.4,0,0.0,0,0.0,0,0.0,0,0.0
Network 9,609969,HARTE,  285 ,7,2.5,251,88.1,0,0.0,1,0.4,20,7.0,4,1.4,2,0.7,0,0.0,0,0.0
Network 9,609987,HENDRICKS,  202 ,3,1.5,188,93.1,0,0.0,0,0.0,9,4.5,1,0.5,1,0.5,0,0.0,0,0.0
Network 9,610030,KOZMINSKI,  244 ,0,0.0,223,91.4,0,0.0,1,0.4,13,5.3,3,1.2,2,0.8,2,0.8,0,0.0
Network 9,610276,MOLLISON,  285 ,0,0.0,282,98.9,0,0.0,1,0.4,0,0.0,2,0.7,0,0.0,0,0.0,0,0.0
Network 9,610090,MURRAY,  483 ,9,1.9,437,90.5,0,0.0,1,0.2,17,3.5,16,3.3,1,0.2,1,0.2,1,0.2
Network 9,610126,PERSHING,  527 ,3,0.6,492,93.4,0,0.0,0,0.0,7,1.3,5,1.0,5,0.9,1,0.2,14,2.7
Network 9,610142,RAY,  613 ,96,15.7,396,64.6,0,0.0,2,0.3,48,7.8,24,3.9,25,4.1,0,0.0,22,3.6
Network 9,610143,REAVIS,  238 ,0,0.0,235,98.7,0,0.0,0,0.0,1,0.4,2,0.8,0,0.0,0,0.0,0,0.0
Network 9,610256,ROBINSON,  112 ,1,0.9,107,95.5,0,0.0,0,0.0,3,2.7,1,0.9,0,0.0,0,0.0,0,0.0
Network 9,610175,SHOESMITH,  340 ,5,1.5,311,91.5,0,0.0,0,0.0,14,4.1,5,1.5,2,0.6,2,0.6,1,0.3
Network 9,610065,TILL,  309 ,0,0.0,303,98.1,0,0.0,0,0.0,6,1.9,0,0.0,0,0.0,0,0.0,0,0.0
Network 9,610213,WADSWORTH,  442 ,0,0.0,422,95.5,0,0.0,0,0.0,16,3.6,3,0.7,1,0.2,0,0.0,0,0.0
Network 9,610110,WELLS ES,  350 ,1,0.3,305,87.1,0,0.0,1,0.3,14,4.0,1,0.3,0,0.0,0,0.0,28,8.0
Network 9,609977,WOODLAWN,  181 ,0,0.0,179,98.9,0,0.0,0,0.0,2,1.1,0,0.0,0,0.0,0,0.0,0,0.0
Network 9,610345,WOODSON,  303 ,0,0.0,289,95.4,0,0.0,0,0.0,6,2.0,5,1.7,1,0.3,0,0.0,2,0.7
Network 10,610287,ASHBURN,  396 ,3,0.8,328,82.8,0,0.0,2,0.5,59,14.9,4,1.0,0,0.0,0,0.0,0,0.0
Network 10,609788,BARNARD,  266 ,8,3.0,246,92.5,0,0.0,0,0.0,8,3.0,2,0.8,1,0.4,1,0.4,0,0.0
Network 10,610087,BLAIR,  201 ,29,14.4,13,6.5,0,0.0,0,0.0,151,75.1,4,2.0,0,0.0,4,2.0,0,0.0
Network 10,609832,BYRNE,  621 ,188,30.3,9,1.4,0,0.0,1,0.2,416,67.0,5,0.8,1,0.2,1,0.2,0,0.0
Network 10,609839,CARROLL,  410 ,8,2.0,352,85.9,0,0.0,2,0.5,48,11.7,0,0.0,0,0.0,0,0.0,0,0.0
Network 10,610347,CLAREMONT,  420 ,5,1.2,338,80.5,0,0.0,0,0.0,72,17.1,2,0.5,0,0.0,3,0.7,0,0.0
Network 10,609861,CLISSOLD,  425 ,92,21.6,288,67.8,0,0.0,1,0.2,31,7.3,9,2.1,3,0.7,0,0.0,1,0.2
Network 10,609879,DAWES,  979 ,13,1.3,157,16.0,0,0.0,2,0.2,803,82.0,3,0.3,0,0.0,1,0.1,0,0.0
Network 10,609893,DORE,  729 ,172,23.6,21,2.9,0,0.0,1,0.1,520,71.3,7,1.0,7,1.0,1,0.1,0,0.0
Network 10,610352,DURKIN PARK,  703 ,30,4.3,87,12.4,0,0.0,1,0.1,578,82.2,7,1.0,0,0.0,0,0.0,0,0.0
Network 10,609898,EBERHART,"  1,147 ",12,1.0,39,3.4,0,0.0,4,0.3,1090,95.0,2,0.2,0,0.0,0,0.0,0,0.0
Network 10,609908,ESMOND,  240 ,1,0.4,235,97.9,0,0.0,0,0.0,4,1.7,0,0.0,0,0.0,0,0.0,0,0.0
Network 10,610057,FAIRFIELD,  503 ,2,0.4,106,21.1,0,0.0,2,0.4,391,77.7,2,0.4,0,0.0,0,0.0,0,0.0
Network 10,609956,GRIMES,  428 ,27,6.3,16,3.7,0,0.0,0,0.0,383,89.5,2,0.5,0,0.0,0,0.0,0,0.0
Network 10,609960,HALE,  815 ,157,19.3,19,2.3,0,0.0,0,0.0,624,76.6,2,0.3,10,1.2,3,0.4,0,0.0
Network 10,609807,HAMPTON,  458 ,4,0.9,216,47.2,0,0.0,1,0.2,235,51.3,1,0.2,0,0.0,0,0.0,1,0.2
Network 10,609981,HEARST,  311 ,4,1.3,107,34.4,0,0.0,0,0.0,195,62.7,1,0.3,4,1.3,0,0.0,0,0.0
Network 10,610006,HURLEY,  758 ,4,0.5,7,0.9,0,0.0,6,0.8,741,97.8,0,0.0,0,0.0,0,0.0,0,0.0
Network 10,610084,KELLER,  217 ,41,18.9,66,30.4,0,0.0,0,0.0,31,14.3,7,3.2,69,31.8,0,0.0,3,1.4
Network 10,610016,KELLOGG,  276 ,15,5.4,247,89.5,0,0.0,1,0.4,9,3.3,3,1.1,1,0.4,0,0.0,0,0.0
Network 10,610067,MCKAY,  667 ,9,1.3,488,73.2,0,0.0,1,0.1,161,24.1,2,0.3,0,0.0,2,0.3,4,0.6
Network 10,610077,MORRILL,  525 ,5,1.0,175,33.3,0,0.0,1,0.2,344,65.5,0,0.0,0,0.0,0,0.0,0,0.0
Network 10,610109,OWEN,  272 ,0,0.0,265,97.4,0,0.0,0,0.0,5,1.8,1,0.4,0,0.0,1,0.4,0,0.0
Network 10,610588,RICHARDSON,"  1,084 ",15,1.4,9,0.8,0,0.0,3,0.3,1052,97.0,2,0.2,3,0.3,0,0.0,0,0.0
Network 10,610185,STEVENSON,"  1,131 ",36,3.2,63,5.6,0,0.0,4,0.4,1017,89.9,5,0.4,6,0.5,0,0.0,0,0.0
Network 10,610195,SUTHERLAND,  688 ,236,34.3,358,52.0,0,0.0,1,0.1,65,9.4,25,3.6,3,0.4,0,0.0,0,0.0
Network 10,610206,TWAIN,"  1,019 ",86,8.4,18,1.8,0,0.0,2,0.2,900,88.3,3,0.3,9,0.9,1,0.1,0,0.0
Network 10,610207,VANDERPOEL,  260 ,2,0.8,242,93.1,0,0.0,0,0.0,1,0.4,0,0.0,0,0.0,0,0.0,15,5.8
Network 10,609871,VICK,  261 ,102,39.1,46,17.6,0,0.0,0,0.0,103,39.5,10,3.8,0,0.0,0,0.0,0,0.0
Network 11,609790,BARTON,  331 ,0,0.0,309,93.4,0,0.0,0,0.0,19,5.7,3,0.9,0,0.0,0,0.0,0,0.0
Network 11,609791,BASS,  381 ,0,0.0,366,96.1,0,0.0,0,0.0,15,3.9,0,0.0,0,0.0,0,0.0,0,0.0
Network 11,610238,BOND,  238 ,2,0.8,229,96.2,0,0.0,1,0.4,6,2.5,0,0.0,0,0.0,0,0.0,0,0.0
Network 11,609864,COOK,  334 ,0,0.0,322,96.4,0,0.0,0,0.0,12,3.6,0,0.0,0,0.0,0,0.0,0,0.0
Network 11,610003,CUFFE,  213 ,0,0.0,210,98.6,0,0.0,0,0.0,3,1.4,0,0.0,0,0.0,0,0.0,0,0.0
Network 11,610521,DAVIS M,  178 ,0,0.0,162,91.0,0,0.0,0,0.0,15,8.4,1,0.6,0,0.0,0,0.0,0,0.0
Network 11,609897,EARLE,  306 ,0,0.0,259,84.6,0,0.0,0,0.0,19,6.2,5,1.6,0,0.0,0,0.0,23,7.5
Network 11,610362,EVERS,  226 ,0,0.0,220,97.3,0,0.0,0,0.0,5,2.2,0,0.0,0,0.0,0,0.0,1,0.4
Network 11,609924,FORT DEARBORN,  363 ,0,0.0,352,97.0,0,0.0,0,0.0,9,2.5,2,0.6,0,0.0,0,0.0,0,0.0
Network 11,609927,FOSTER PARK,  322 ,0,0.0,308,95.7,0,0.0,1,0.3,12,3.7,1,0.3,0,0.0,0,0.0,0,0.0
Network 11,609929,FULTON,  340 ,3,0.9,113,33.2,0,0.0,2,0.6,211,62.1,2,0.6,0,0.0,0,0.0,9,2.6
Network 11,610032,GREEN,  320 ,0,0.0,313,97.8,0,0.0,1,0.3,3,0.9,2,0.6,1,0.3,0,0.0,0,0.0
Network 11,609986,HENDERSON,  196 ,1,0.5,155,79.1,0,0.0,0,0.0,38,19.4,2,1.0,0,0.0,0,0.0,0,0.0
Network 11,609997,HOLMES,  130 ,0,0.0,121,93.1,0,0.0,1,0.8,8,6.2,0,0.0,0,0.0,0,0.0,0,0.0
Network 11,610369,JACKSON M,  330 ,1,0.3,323,97.9,0,0.0,0,0.0,5,1.5,1,0.3,0,0.0,0,0.0,0,0.0
Network 11,609805,JOPLIN,  369 ,0,0.0,354,95.9,0,0.0,0,0.0,14,3.8,1,0.3,0,0.0,0,0.0,0,0.0
Network 11,610019,KERSHAW,  241 ,0,0.0,235,97.5,0,0.0,0,0.0,6,2.5,0,0.0,0,0.0,0,0.0,0,0.0
Network 11,610299,KING ES,  238 ,2,0.8,231,97.1,0,0.0,0,0.0,4,1.7,1,0.4,0,0.0,0,0.0,0,0.0
Network 11,609869,LANGFORD,  196 ,0,0.0,182,92.9,0,0.0,0,0.0,13,6.6,0,0.0,0,0.0,0,0.0,1,0.5
Network 11,610037,LIBBY,  307 ,3,1.0,204,66.4,0,0.0,0,0.0,96,31.3,3,1.0,1,0.3,0,0.0,0,0.0
Network 11,610290,MAYS,  308 ,0,0.0,298,96.8,0,0.0,0,0.0,8,2.6,1,0.3,0,0.0,0,0.0,1,0.3
Network 11,609793,NICHOLSON,  447 ,3,0.7,414,92.6,0,0.0,0,0.0,26,5.8,3,0.7,1,0.2,0,0.0,0,0.0
Network 11,610102,OGLESBY,  351 ,2,0.6,342,97.4,0,0.0,0,0.0,5,1.4,1,0.3,1,0.3,0,0.0,0,0.0
Network 11,610108,OTOOLE,  309 ,2,0.6,255,82.5,0,0.0,0,0.0,46,14.9,6,1.9,0,0.0,0,0.0,0,0.0
Network 11,610112,PARKER,  402 ,0,0.0,391,97.3,0,0.0,0,0.0,10,2.5,1,0.3,0,0.0,0,0.0,0,0.0
Network 11,609941,RANDOLPH,  382 ,1,0.3,341,89.3,0,0.0,0,0.0,38,9.9,2,0.5,0,0.0,0,0.0,0,0.0
Network 11,610153,RYDER,  353 ,1,0.3,347,98.3,0,0.0,0,0.0,5,1.4,0,0.0,0,0.0,0,0.0,0,0.0
Network 11,610223,WENTWORTH,  388 ,2,0.5,356,91.8,0,0.0,0,0.0,28,7.2,1,0.3,0,0.0,1,0.3,0,0.0
Network 11,610300,WESTCOTT,  418 ,2,0.5,411,98.3,0,0.0,2,0.5,2,0.5,1,0.2,0,0.0,0,0.0,0,0.0
Network 12,610268,ASHE,  328 ,0,0.0,322,98.2,0,0.0,0,0.0,4,1.2,1,0.3,0,0.0,1,0.3,0,0.0
Network 12,610350,BLACK,  447 ,0,0.0,441,98.7,0,0.0,0,0.0,6,1.3,0,0.0,0,0.0,0,0.0,0,0.0
Network 12,609815,BOUCHET,  605 ,1,0.2,593,98.0,0,0.0,3,0.5,7,1.2,1,0.2,0,0.0,0,0.0,0,0.0
Network 12,609813,BROWNELL,  175 ,0,0.0,169,96.6,0,0.0,0,0.0,6,3.4,0,0.0,0,0.0,0,0.0,0,0.0
Network 12,609827,BURNSIDE,  364 ,0,0.0,357,98.1,0,0.0,0,0.0,7,1.9,0,0.0,0,0.0,0,0.0,0,0.0
Network 12,609862,COLES,  326 ,0,0.0,321,98.5,0,0.0,0,0.0,4,1.2,1,0.3,0,0.0,0,0.0,0,0.0
Network 12,609887,DIXON,  558 ,1,0.2,550,98.6,0,0.0,0,0.0,6,1.1,1,0.2,0,0.0,0,0.0,0,0.0
Network 12,610316,EARHART,  234 ,0,0.0,224,95.7,0,0.0,0,0.0,7,3.0,3,1.3,0,0.0,0,0.0,0,0.0
Network 12,609939,GILLESPIE,  429 ,2,0.5,416,97.0,0,0.0,0,0.0,10,2.3,1,0.2,0,0.0,0,0.0,0,0.0
Network 12,610002,HOYNE,  220 ,0,0.0,218,99.1,0,0.0,0,0.0,2,0.9,0,0.0,0,0.0,0,0.0,0,0.0
Network 12,610047,MADISON,  189 ,0,0.0,187,98.9,0,0.0,0,0.0,1,0.5,0,0.0,0,0.0,0,0.0,1,0.5
Network 12,610052,MANN,  295 ,5,1.7,283,95.9,0,0.0,0,0.0,6,2.0,1,0.3,0,0.0,0,0.0,0,0.0
Network 12,610066,MCDADE,  181 ,2,1.1,164,90.6,0,0.0,1,0.6,2,1.1,8,4.4,4,2.2,0,0.0,0,0.0
Network 12,610171,MIRELES,  420 ,3,0.7,221,52.6,0,0.0,3,0.7,190,45.2,3,0.7,0,0.0,0,0.0,0,0.0
Network 12,610093,NEIL,  265 ,1,0.4,239,90.2,0,0.0,0,0.0,10,3.8,1,0.4,1,0.4,0,0.0,13,4.9
Network 12,610193,NEW SULLIVAN,  431 ,8,1.9,305,70.8,0,0.0,0,0.0,90,20.9,2,0.5,0,0.0,1,0.2,25,5.8
Network 12,609961,NINOS HEROES,  291 ,2,0.7,247,84.9,0,0.0,1,0.3,41,14.1,0,0.0,0,0.0,0,0.0,0,0.0
Network 12,610115,PARK MANOR,  258 ,0,0.0,249,96.5,0,0.0,0,0.0,6,2.3,3,1.2,0,0.0,0,0.0,0,0.0
Network 12,610116,PARKSIDE,  250 ,0,0.0,238,95.2,0,0.0,0,0.0,10,4.0,1,0.4,0,0.0,0,0.0,1,0.4
Network 12,610130,PIRIE,  224 ,1,0.4,216,96.4,0,0.0,1,0.4,2,0.9,4,1.8,0,0.0,0,0.0,0,0.0
Network 12,610281,POWELL,  524 ,0,0.0,509,97.1,0,0.0,0,0.0,12,2.3,1,0.2,2,0.4,0,0.0,0,0.0
Network 12,610146,REVERE,  201 ,0,0.0,199,99.0,0,0.0,0,0.0,2,1.0,0,0.0,0,0.0,0,0.0,0,0.0
Network 12,610152,RUGGLES,  360 ,0,0.0,350,97.2,0,0.0,3,0.8,5,1.4,0,0.0,1,0.3,1,0.3,0,0.0
Network 12,610178,SCHMID,  172 ,0,0.0,169,98.3,0,0.0,0,0.0,2,1.2,1,0.6,0,0.0,0,0.0,0,0.0
Network 12,610530,SOUTH SHORE ES,  296 ,0,0.0,279,94.3,0,0.0,1,0.3,14,4.7,2,0.7,0,0.0,0,0.0,0,0.0
Network 12,610279,TANNER,  308 ,0,0.0,294,95.5,0,0.0,0,0.0,13,4.2,1,0.3,0,0.0,0,0.0,0,0.0
Network 12,610200,THORP J,  279 ,5,1.8,228,81.7,0,0.0,0,0.0,43,15.4,3,1.1,0,0.0,0,0.0,0,0.0
Network 12,610218,WARREN,  211 ,0,0.0,205,97.2,0,0.0,0,0.0,4,1.9,1,0.5,0,0.0,0,0.0,1,0.5
Network 12,610124,WASHINGTON H ES,  268 ,0,0.0,264,98.5,0,0.0,0,0.0,3,1.1,0,0.0,0,0.0,1,0.4,0,0.0
Network 13,609848,ALDRIDGE,  188 ,0,0.0,187,99.5,0,0.0,0,0.0,1,0.5,0,0.0,0,0.0,0,0.0,0,0.0
Network 13,609800,BENNETT,  262 ,3,1.1,251,95.8,0,0.0,0,0.0,2,0.8,4,1.5,0,0.0,2,0.8,0,0.0
Network 13,609811,BRIGHT,  258 ,4,1.6,161,62.4,0,0.0,0,0.0,92,35.7,0,0.0,0,0.0,0,0.0,1,0.4
Network 13,610091,BROWN R,  303 ,0,0.0,285,94.1,0,0.0,1,0.3,3,1.0,0,0.0,0,0.0,0,0.0,14,4.6
Network 13,609821,BURNHAM,  419 ,0,0.0,404,96.4,0,0.0,0,0.0,14,3.3,0,0.0,1,0.2,0,0.0,0,0.0
Network 13,609845,CARVER G,  372 ,0,0.0,361,97.0,0,0.0,0,0.0,8,2.2,3,0.8,0,0.0,0,0.0,0,0.0
Network 13,609856,CLAY,  546 ,31,5.7,76,13.9,0,0.0,4,0.7,416,76.2,12,2.2,2,0.4,0,0.0,5,0.9
Network 13,610199,COLEMON,  211 ,0,0.0,195,92.4,0,0.0,0,0.0,14,6.6,0,0.0,2,0.9,0,0.0,0,0.0
Network 13,610004,CULLEN,  186 ,0,0.0,183,98.4,0,0.0,0,0.0,2,1.1,0,0.0,0,0.0,0,0.0,1,0.5
Network 13,610364,DUBOIS,  213 ,1,0.5,202,94.8,0,0.0,0,0.0,9,4.2,1,0.5,0,0.0,0,0.0,0,0.0
Network 13,610188,DUNNE,  203 ,1,0.5,199,98.0,0,0.0,0,0.0,1,0.5,0,0.0,0,0.0,2,1.0,0,0.0
Network 13,609917,FERNWOOD,  261 ,0,0.0,260,99.6,0,0.0,0,0.0,1,0.4,0,0.0,0,0.0,0,0.0,0,0.0
Network 13,609935,GALLISTEL,  628 ,7,1.1,21,3.3,0,0.0,3,0.5,596,94.9,1,0.2,0,0.0,0,0.0,0,0.0
Network 13,610128,GARVEY,  234 ,0,0.0,229,97.9,0,0.0,1,0.4,3,1.3,1,0.4,0,0.0,0,0.0,0,0.0
Network 13,609944,GRISSOM,  286 ,44,15.4,23,8.0,0,0.0,0,0.0,216,75.5,2,0.7,1,0.4,0,0.0,0,0.0
Network 13,609808,HALEY,  447 ,2,0.4,427,95.5,0,0.0,0,0.0,16,3.6,1,0.2,0,0.0,1,0.2,0,0.0
Network 13,610295,HIGGINS,  260 ,0,0.0,253,97.3,0,0.0,0,0.0,6,2.3,1,0.4,0,0.0,0,0.0,0,0.0
Network 13,610368,HUGHES L,  427 ,1,0.2,407,95.3,0,0.0,0,0.0,16,3.7,2,0.5,0,0.0,1,0.2,0,0.0
Network 13,610208,LAVIZZO,  370 ,0,0.0,358,96.8,0,0.0,2,0.5,8,2.2,1,0.3,1,0.3,0,0.0,0,0.0
Network 13,609902,METCALFE,  299 ,0,0.0,290,97.0,0,0.0,0,0.0,9,3.0,0,0.0,0,0.0,0,0.0,0,0.0
Network 13,610086,MOUNT VERNON,  229 ,0,0.0,224,97.8,0,0.0,0,0.0,2,0.9,0,0.0,0,0.0,0,0.0,3,1.3
Network 13,609943,OWENS,  346 ,0,0.0,334,96.5,0,0.0,0,0.0,8,2.3,1,0.3,0,0.0,0,0.0,3,0.9
Network 13,610132,POE,  198 ,5,2.5,176,88.9,0,0.0,1,0.5,11,5.6,4,2.0,0,0.0,1,0.5,0,0.0
Network 13,610139,PULLMAN,  340 ,4,1.2,291,85.6,0,0.0,0,0.0,41,12.1,4,1.2,0,0.0,0,0.0,0,0.0
Network 13,610586,SADLOWSKI,  621 ,18,2.9,28,4.5,0,0.0,2,0.3,573,92.3,0,0.0,0,0.0,0,0.0,0,0.0
Network 13,610176,SHOOP,  421 ,0,0.0,407,96.7,0,0.0,3,0.7,8,1.9,3,0.7,0,0.0,0,0.0,0,0.0
Network 13,609978,SMITH,  316 ,1,0.3,313,99.1,0,0.0,0,0.0,2,0.6,0,0.0,0,0.0,0,0.0,0,0.0
Network 13,610198,TAYLOR,  360 ,21,5.8,25,6.9,0,0.0,0,0.0,314,87.2,0,0.0,0,0.0,0,0.0,0,0.0
Network 13,610219,WASHINGTON G ES,  680 ,33,4.9,10,1.5,0,0.0,1,0.1,631,92.8,2,0.3,3,0.4,0,0.0,0,0.0
Network 13,610225,WHISTLER,  314 ,1,0.3,310,98.7,0,0.0,0,0.0,2,0.6,1,0.3,0,0.0,0,0.0,0,0.0
Network 13,610315,WHITE,  108 ,0,0.0,106,98.1,0,0.0,0,0.0,2,1.9,0,0.0,0,0.0,0,0.0,0,0.0
Network 14,610402,DEVRY HS,  158 ,15,9.5,60,38.0,0,0.0,0,0.0,74,46.8,2,1.3,7,4.4,0,0.0,0,0.0
Network 14,610515,DISNEY II ES,  404 ,158,39.1,34,8.4,0,0.0,3,0.7,167,41.3,10,2.5,32,7.9,0,0.0,0,0.0
Network 14,610564,DISNEY II HS,  785 ,142,18.1,179,22.8,0,0.0,2,0.3,405,51.6,21,2.7,24,3.1,0,0.0,12,1.5
Network 14,609708,FOREMAN HS,  604 ,27,4.5,116,19.2,0,0.0,4,0.7,455,75.3,1,0.2,1,0.2,0,0.0,0,0.0
Network 14,609769,GRAHAM HS,  184 ,7,3.8,81,44.0,0,0.0,1,0.5,88,47.8,1,0.5,6,3.3,0,0.0,0,0.0
Network 14,609716,KELVYN PARK HS,  395 ,5,1.3,27,6.8,0,0.0,3,0.8,357,90.4,1,0.3,1,0.3,1,0.3,0,0.0
Network 14,609719,LAKE VIEW HS,"  1,353 ",147,10.9,146,10.8,0,0.0,8,0.6,977,72.2,28,2.1,42,3.1,4,0.3,1,0.1
Network 14,609720,LANE TECH HS,"  4,428 ",1729,39.0,295,6.7,0,0.0,19,0.4,1654,37.4,134,3.0,461,10.4,29,0.7,107,2.4
Network 14,609738,LINCOLN PARK HS,"  2,117 ",674,31.8,436,20.6,0,0.0,6,0.3,688,32.5,88,4.2,214,10.1,3,0.1,8,0.4
Network 14,609724,MATHER HS,"  1,617 ",223,13.8,245,15.2,0,0.0,8,0.5,717,44.3,21,1.3,393,24.3,10,0.6,0,0.0
Network 14,609744,NORTHSIDE LEARNING HS,  239 ,45,18.8,43,18.0,0,0.0,1,0.4,130,54.4,3,1.3,16,6.7,1,0.4,0,0.0
Network 14,609728,ROOSEVELT HS,"  1,021 ",55,5.4,120,11.8,0,0.0,11,1.1,738,72.3,3,0.3,89,8.7,5,0.5,0,0.0
Network 14,609729,SCHURZ HS,"  1,518 ",73,4.8,127,8.4,0,0.0,6,0.4,1262,83.1,17,1.1,27,1.8,4,0.3,2,0.1
Network 14,609730,SENN HS,"  1,547 ",226,14.6,387,25.0,0,0.0,11,0.7,643,41.6,34,2.2,240,15.5,4,0.3,2,0.1
Network 14,609732,STEINMETZ HS,"  1,167 ",63,5.4,211,18.1,0,0.0,6,0.5,842,72.2,14,1.2,24,2.1,4,0.3,3,0.3
Network 14,609733,SULLIVAN HS,  597 ,49,8.2,224,37.5,0,0.0,1,0.2,243,40.7,8,1.3,62,10.4,2,0.3,8,1.3
Network 14,609734,TAFT HS,"  3,960 ",1773,44.8,108,2.7,0,0.0,14,0.4,1650,41.7,76,1.9,293,7.4,26,0.7,20,0.5
Network 14,610394,UPLIFT HS,  106 ,7,6.6,61,57.5,0,0.0,1,0.9,24,22.6,1,0.9,12,11.3,0,0.0,0,0.0
Network 14,609766,VAUGHN HS,  234 ,48,20.5,52,22.2,0,0.0,0,0.0,128,54.7,2,0.9,3,1.3,1,0.4,0,0.0
Network 14,609737,VON STEUBEN HS,"  1,674 ",287,17.1,172,10.3,0,0.0,7,0.4,909,54.3,31,1.9,257,15.4,11,0.7,0,0.0
Network 15,610524,ALCOTT HS,  333 ,46,13.8,60,18.0,0,0.0,2,0.6,211,63.4,6,1.8,6,1.8,2,0.6,0,0.0
Network 15,610518,AUSTIN CCA HS,  235 ,1,0.4,227,96.6,0,0.0,0,0.0,6,2.6,1,0.4,0,0.0,0,0.0,0,0.0
Network 15,609759,CLEMENTE HS,  684 ,13,1.9,205,30.0,0,0.0,4,0.6,454,66.4,1,0.2,6,0.9,1,0.1,0,0.0
Network 15,610561,CRANE MEDICAL HS,  446 ,4,0.9,363,81.4,0,0.0,0,0.0,72,16.1,5,1.1,0,0.0,0,0.0,2,0.4
Network 15,609756,CURIE HS,"  2,993 ",51,1.7,356,11.9,0,0.0,8,0.3,2509,83.8,6,0.2,60,2.0,3,0.1,0,0.0
Network 15,610245,DOUGLASS HS,  50 ,1,2.0,46,92.0,0,0.0,0,0.0,3,6.0,0,0.0,0,0.0,0,0.0,0,0.0
Network 15,609694,HANCOCK HS,"  1,019 ",39,3.8,20,2.0,0,0.0,4,0.4,944,92.6,1,0.1,10,1.0,1,0.1,0,0.0
Network 15,609764,JUAREZ HS,"  1,705 ",25,1.5,42,2.5,0,0.0,9,0.5,1609,94.4,6,0.4,11,0.6,0,0.0,3,0.2
Network 15,609722,MANLEY HS,  87 ,1,1.1,83,95.4,0,0.0,0,0.0,3,3.4,0,0.0,0,0.0,0,0.0,0,0.0
Network 15,609723,MARSHALL HS,  228 ,0,0.0,223,97.8,0,0.0,0,0.0,5,2.2,0,0.0,0,0.0,0,0.0,0,0.0
Network 15,610385,MULTICULTURAL HS,  225 ,3,1.3,43,19.1,0,0.0,1,0.4,177,78.7,0,0.0,0,0.0,0,0.0,1,0.4
Network 15,609691,NORTH-GRAND HS,"  1,039 ",10,1.0,198,19.1,0,0.0,4,0.4,822,79.1,3,0.3,2,0.2,0,0.0,0,0.0
Network 15,610101,OGDEN ES,  946 ,256,27.1,391,41.3,0,0.0,4,0.4,138,14.6,55,5.8,101,10.7,1,0.1,0,0.0
Network 15,610529,OGDEN HS,  632 ,70,11.1,292,46.2,0,0.0,2,0.3,233,36.9,14,2.2,17,2.7,1,0.2,3,0.5
Network 15,609680,PAYTON HS,"  1,216 ",537,44.2,122,10.0,0,0.0,2,0.2,264,21.7,51,4.2,232,19.1,8,0.7,0,0.0
Network 15,609679,PROSSER HS,"  1,214 ",23,1.9,255,21.0,0,0.0,3,0.2,929,76.5,0,0.0,3,0.2,0,0.0,1,0.1
Network 15,610334,RABY HS,  246 ,2,0.8,225,91.5,0,0.0,1,0.4,17,6.9,0,0.0,1,0.4,0,0.0,0,0.0
Network 15,609750,SIMPSON HS,  21 ,0,0.0,16,76.2,0,0.0,0,0.0,5,23.8,0,0.0,0,0.0,0,0.0,0,0.0
Network 15,610383,SOCIAL JUSTICE HS,  335 ,3,0.9,45,13.4,0,0.0,0,0.0,287,85.7,0,0.0,0,0.0,0,0.0,0,0.0
Network 15,609740,WELLS HS,  316 ,12,3.8,150,47.5,0,0.0,0,0.0,149,47.2,5,1.6,0,0.0,0,0.0,0,0.0
Network 15,609693,WESTINGHOUSE HS,"  1,255 ",25,2.0,569,45.3,0,0.0,4,0.3,546,43.5,15,1.2,92,7.3,3,0.2,1,0.1
Network 15,610392,WORLD LANGUAGE HS,  345 ,3,0.9,9,2.6,0,0.0,0,0.0,328,95.1,1,0.3,0,0.0,0,0.0,4,1.2
Network 16,610513,AIR FORCE HS,  196 ,16,8.2,84,42.9,0,0.0,1,0.5,92,46.9,2,1.0,1,0.5,0,0.0,0,0.0
Network 16,609698,BOGAN HS,  736 ,4,0.5,476,64.7,0,0.0,0,0.0,251,34.1,3,0.4,0,0.0,0,0.0,2,0.3
Network 16,610592,ENGLEWOOD STEM HS,  680 ,1,0.1,628,92.4,0,0.0,0,0.0,48,7.1,3,0.4,0,0.0,0,0.0,0,0.0
Network 16,609704,FARRAGUT HS,  540 ,9,1.7,62,11.5,0,0.0,1,0.2,468,86.7,0,0.0,0,0.0,0,0.0,0,0.0
Network 16,609709,GAGE PARK HS,  323 ,2,0.6,104,32.2,0,0.0,0,0.0,214,66.3,1,0.3,0,0.0,2,0.6,0,0.0
Network 16,610558,GOODE HS,  936 ,5,0.5,351,37.5,0,0.0,2,0.2,571,61.0,4,0.4,1,0.1,2,0.2,0,0.0
Network 16,609711,HARPER HS,  21 ,0,0.0,20,95.2,0,0.0,0,0.0,1,4.8,0,0.0,0,0.0,0,0.0,0,0.0
Network 16,609741,HUBBARD HS,"  1,721 ",31,1.8,94,5.5,0,0.0,4,0.2,1587,92.2,4,0.2,1,0.1,0,0.0,0,0.0
Network 16,609783,JEFFERSON HS,  144 ,2,1.4,120,83.3,0,0.0,0,0.0,21,14.6,0,0.0,1,0.7,0,0.0,0,0.0
Network 16,609762,JULIAN HS,  390 ,0,0.0,373,95.6,0,0.0,0,0.0,9,2.3,1,0.3,0,0.0,0,0.0,7,1.8
Network 16,609715,KELLY HS,"  1,780 ",32,1.8,78,4.4,0,0.0,3,0.2,1384,77.8,7,0.4,272,15.3,4,0.2,0,0.0
Network 16,609718,KENNEDY HS,"  1,474 ",278,18.9,35,2.4,0,0.0,9,0.6,1133,76.9,9,0.6,9,0.6,1,0.1,0,0.0
Network 16,609725,MORGAN PARK HS,"  1,079 ",5,0.5,1047,97.0,0,0.0,0,0.0,24,2.2,3,0.3,0,0.0,0,0.0,0,0.0
Network 16,609682,RICHARDS HS,  233 ,0,0.0,99,42.5,0,0.0,1,0.4,128,54.9,0,0.0,0,0.0,0,0.0,5,2.1
Network 16,610357,SPRY HS,  97 ,1,1.0,0,0.0,0,0.0,0,0.0,96,99.0,0,0.0,0,0.0,0,0.0,0,0.0
Network 16,609735,TILDEN HS,  203 ,20,9.9,80,39.4,0,0.0,0,0.0,97,47.8,0,0.0,5,2.5,1,0.5,0,0.0
Network 16,609748,YORK HS,  172 ,2,1.2,136,79.1,0,0.0,1,0.6,33,19.2,0,0.0,0,0.0,0,0.0,0,0.0
Network 17,610323,BOWEN HS,  218 ,2,0.9,175,80.3,0,0.0,0,0.0,38,17.4,2,0.9,0,0.0,1,0.5,0,0.0
Network 17,610381,BRONZEVILLE HS,  87 ,0,0.0,81,93.1,0,0.0,0,0.0,5,5.7,0,0.0,1,1.1,0,0.0,0,0.0
Network 17,609760,CARVER MILITARY HS,  442 ,6,1.4,173,39.1,0,0.0,0,0.0,263,59.5,0,0.0,0,0.0,0,0.0,0,0.0
Network 17,609754,CHICAGO MILITARY HS,  280 ,7,2.5,172,61.4,0,0.0,0,0.0,97,34.6,1,0.4,1,0.4,0,0.0,2,0.7
Network 17,609674,CHICAGO VOCATIONAL HS,  741 ,3,0.4,713,96.2,0,0.0,1,0.1,17,2.3,2,0.3,1,0.1,0,0.0,4,0.5
Network 17,609761,CORLISS HS,  284 ,3,1.1,272,95.8,0,0.0,0,0.0,6,2.1,2,0.7,0,0.0,1,0.4,0,0.0
Network 17,609676,DUNBAR HS,  413 ,2,0.5,398,96.4,0,0.0,0,0.0,13,3.1,0,0.0,0,0.0,0,0.0,0,0.0
Network 17,610587,DYETT ARTS HS,  583 ,2,0.3,560,96.1,0,0.0,0,0.0,14,2.4,2,0.3,0,0.0,0,0.0,5,0.9
Network 17,609705,FENGER HS,  286 ,0,0.0,277,96.9,0,0.0,0,0.0,7,2.4,2,0.7,0,0.0,0,0.0,0,0.0
Network 17,609710,HARLAN HS,  297 ,0,0.0,292,98.3,0,0.0,0,0.0,3,1.0,1,0.3,0,0.0,0,0.0,1,0.3
Network 17,609712,HIRSCH HS,  90 ,0,0.0,89,98.9,0,0.0,0,0.0,1,1.1,0,0.0,0,0.0,0,0.0,0,0.0
Network 17,609713,HYDE PARK HS,  770 ,0,0.0,765,99.4,0,0.0,0,0.0,4,0.5,1,0.1,0,0.0,0,0.0,0,0.0
Network 17,609746,KENWOOD HS,"  2,125 ",78,3.7,1826,85.9,0,0.0,2,0.1,99,4.7,42,2.0,45,2.1,2,0.1,31,1.5
Network 17,609751,KING HS,  463 ,3,0.6,441,95.2,0,0.0,1,0.2,10,2.2,6,1.3,2,0.4,0,0.0,0,0.0
Network 17,609692,SIMEON HS,"  1,420 ",0,0.0,1400,98.6,0,0.0,1,0.1,12,0.8,7,0.5,0,0.0,0,0.0,0,0.0
Network 17,610547,SOUTH SHORE INTL HS,  561 ,0,0.0,530,94.5,0,0.0,1,0.2,16,2.9,5,0.9,1,0.2,0,0.0,8,1.4
Network 17,609739,WASHINGTON HS,"  1,505 ",67,4.5,81,5.4,0,0.0,13,0.9,1330,88.4,12,0.8,1,0.1,1,0.1,0,0.0
Network 17,610380,WILLIAMS HS,  107 ,0,0.0,105,98.1,0,0.0,0,0.0,1,0.9,1,0.9,0,0.0,0,0.0,0,0.0
AUSL,609806,BRADWELL,  472 ,1,0.2,460,97.5,0,0.0,0,0.0,9,1.9,2,0.4,0,0.0,0,0.0,0,0.0
AUSL,609844,CARTER,  298 ,0,0.0,289,97.0,0,0.0,0,0.0,8,2.7,1,0.3,0,0.0,0,0.0,0,0.0
AUSL,610021,CASALS,  373 ,13,3.5,148,39.7,0,0.0,0,0.0,211,56.6,1,0.3,0,0.0,0,0.0,0,0.0
AUSL,609851,CHALMERS,  275 ,0,0.0,264,96.0,0,0.0,0,0.0,9,3.3,2,0.7,0,0.0,0,0.0,0,0.0
AUSL,610248,CHICAGO ACADEMY ES,  561 ,119,21.2,15,2.7,0,0.0,0,0.0,406,72.4,5,0.9,15,2.7,1,0.2,0,0.0
AUSL,610340,CHICAGO ACADEMY HS,  571 ,93,16.3,31,5.4,0,0.0,3,0.5,411,72.0,8,1.4,24,4.2,1,0.2,0,0.0
AUSL,610499,COLLINS HS,  231 ,2,0.9,215,93.1,0,0.0,1,0.4,13,5.6,0,0.0,0,0.0,0,0.0,0,0.0
AUSL,609900,CURTIS,  422 ,2,0.5,395,93.6,0,0.0,1,0.2,17,4.0,4,1.0,0,0.0,0,0.0,3,0.7
AUSL,609883,DENEEN,  446 ,1,0.2,440,98.7,0,0.0,0,0.0,3,0.7,2,0.5,0,0.0,0,0.0,0,0.0
AUSL,609885,DEWEY,  291 ,4,1.4,268,92.1,0,0.0,0,0.0,18,6.2,1,0.3,0,0.0,0,0.0,0,0.0
AUSL,610263,DULLES,  713 ,3,0.4,689,96.6,0,0.0,0,0.0,19,2.7,2,0.3,0,0.0,0,0.0,0,0.0
AUSL,610254,DVORAK,  336 ,1,0.3,321,95.5,0,0.0,0,0.0,11,3.3,3,0.9,0,0.0,0,0.0,0,0.0
AUSL,609928,FULLER,  339 ,2,0.6,333,98.2,0,0.0,0,0.0,4,1.2,0,0.0,0,0.0,0,0.0,0,0.0
AUSL,609955,GRESHAM,  365 ,0,0.0,356,97.5,0,0.0,0,0.0,6,1.6,3,0.8,0,0.0,0,0.0,0,0.0
AUSL,609971,HARVARD,  354 ,0,0.0,352,99.4,0,0.0,0,0.0,2,0.6,0,0.0,0,0.0,0,0.0,0,0.0
AUSL,609991,HERZL,  471 ,3,0.6,453,96.2,0,0.0,1,0.2,12,2.5,1,0.2,0,0.0,0,0.0,1,0.2
AUSL,610000,HOWE,  376 ,0,0.0,354,94.1,0,0.0,0,0.0,21,5.6,1,0.3,0,0.0,0,0.0,0,0.0
AUSL,610274,JOHNSON,  328 ,5,1.5,303,92.4,0,0.0,1,0.3,16,4.9,3,0.9,0,0.0,0,0.0,0,0.0
AUSL,610036,LEWIS,  454 ,3,0.7,306,67.4,0,0.0,0,0.0,137,30.2,5,1.1,2,0.4,1,0.2,0,0.0
AUSL,610053,MARQUETTE,"  1,022 ",18,1.8,304,29.7,0,0.0,3,0.3,695,68.0,2,0.2,0,0.0,0,0.0,0,0.0
AUSL,610282,MCNAIR,  344 ,3,0.9,283,82.3,0,0.0,1,0.3,50,14.5,4,1.2,3,0.9,0,0.0,0,0.0
AUSL,610257,MORTON,  203 ,1,0.5,173,85.2,0,0.0,0,0.0,29,14.3,0,0.0,0,0.0,0,0.0,0,0.0
AUSL,610231,NATIONAL TEACHERS,  771 ,74,9.6,564,73.2,0,0.0,2,0.3,56,7.3,28,3.6,36,4.7,2,0.3,9,1.2
AUSL,610103,OKEEFFE,  538 ,1,0.2,519,96.5,0,0.0,0,0.0,12,2.2,4,0.7,0,0.0,1,0.2,1,0.2
AUSL,610389,ORR HS,  245 ,2,0.8,188,76.7,0,0.0,0,0.0,46,18.8,1,0.4,0,0.0,0,0.0,8,3.3
AUSL,609727,PHILLIPS HS,  614 ,8,1.3,596,97.1,0,0.0,0,0.0,9,1.5,0,0.0,0,0.0,0,0.0,1,0.2
AUSL,610106,PICCOLO,  519 ,3,0.6,212,40.8,0,0.0,0,0.0,299,57.6,4,0.8,0,0.0,1,0.2,0,0.0
AUSL,610172,SHERMAN,  247 ,2,0.8,214,86.6,0,0.0,0,0.0,30,12.1,0,0.0,1,0.4,0,0.0,0,0.0
AUSL,610543,SOLORIO HS,"  1,238 ",10,0.8,39,3.2,0,0.0,5,0.4,1181,95.4,2,0.2,1,0.1,0,0.0,0,0.0
AUSL,610339,STAGG,  408 ,0,0.0,377,92.4,0,0.0,1,0.2,25,6.1,0,0.0,1,0.2,0,0.0,4,1.0
AUSL,610396,TARKINGTON,  920 ,3,0.3,190,20.7,0,0.0,2,0.2,723,78.6,0,0.0,2,0.2,0,0.0,0,0.0
ISP,609772,ADDAMS,  615 ,20,3.3,14,2.3,0,0.0,0,0.0,581,94.5,0,0.0,0,0.0,0,0.0,0,0.0
ISP,609773,AGASSIZ,  461 ,165,35.8,103,22.3,0,0.0,2,0.4,137,29.7,30,6.5,24,5.2,0,0.0,0,0.0
ISP,609695,AMUNDSEN HS,"  1,459 ",379,26.0,112,7.7,0,0.0,8,0.5,782,53.6,50,3.4,124,8.5,4,0.3,0,0.0
ISP,609779,ARMSTRONG G,"  1,221 ",92,7.5,349,28.6,0,0.0,7,0.6,499,40.9,21,1.7,250,20.5,3,0.2,0,0.0
ISP,609786,AVALON PARK,  227 ,0,0.0,223,98.2,0,0.0,0,0.0,3,1.3,0,0.0,1,0.4,0,0.0,0,0.0
ISP,610544,AZUELA,  803 ,8,1.0,6,0.7,0,0.0,5,0.6,778,96.9,2,0.3,1,0.1,0,0.0,3,0.4
ISP,610563,BACK OF THE YARDS HS,"  1,076 ",14,1.3,30,2.8,0,0.0,7,0.7,995,92.5,0,0.0,30,2.8,0,0.0,0,0.0
ISP,609798,BELDING,  545 ,253,46.4,33,6.1,0,0.0,3,0.6,196,36.0,21,3.9,32,5.9,5,0.9,2,0.4
ISP,609922,BELMONT-CRAGIN,  425 ,5,1.2,15,3.5,0,0.0,2,0.5,401,94.4,0,0.0,1,0.2,0,0.0,1,0.2
ISP,609726,BROOKS HS,  984 ,8,0.8,754,76.6,0,0.0,2,0.2,207,21.0,9,0.9,1,0.1,3,0.3,0,0.0
ISP,609817,BUDLONG,  647 ,206,31.8,35,5.4,0,0.0,3,0.5,272,42.0,18,2.8,110,17.0,0,0.0,3,0.5
ISP,609820,BURLEY,  569 ,372,65.4,14,2.5,0,0.0,0,0.0,98,17.2,29,5.1,55,9.7,0,0.0,1,0.2
ISP,609829,BURROUGHS,  418 ,15,3.6,11,2.6,0,0.0,0,0.0,383,91.6,1,0.2,6,1.4,0,0.0,2,0.5
ISP,609833,CALDWELL,  246 ,2,0.8,230,93.5,0,0.0,0,0.0,2,0.8,1,0.4,0,0.0,0,0.0,11,4.5
ISP,609835,CAMERON,  652 ,6,0.9,167,25.6,0,0.0,2,0.3,468,71.8,6,0.9,1,0.2,0,0.0,2,0.3
ISP,610539,CAMRAS,  866 ,56,6.5,15,1.7,0,0.0,3,0.3,775,89.5,4,0.5,12,1.4,1,0.1,0,0.0
ISP,610024,CARDENAS,  979 ,7,0.7,42,4.3,0,0.0,1,0.1,928,94.8,1,0.1,0,0.0,0,0.0,0,0.0
ISP,609842,CARSON,  914 ,2,0.2,26,2.8,0,0.0,2,0.2,884,96.7,0,0.0,0,0.0,0,0.0,0,0.0
ISP,609849,CASSELL,  386 ,272,70.5,28,7.3,0,0.0,1,0.3,67,17.4,13,3.4,4,1.0,1,0.3,0,0.0
ISP,609852,CHAPPELL,  555 ,192,34.6,25,4.5,0,0.0,3,0.5,265,47.7,37,6.7,32,5.8,1,0.2,0,0.0
ISP,610148,CHAVEZ,  836 ,2,0.2,13,1.6,0,0.0,3,0.4,817,97.7,0,0.0,1,0.1,0,0.0,0,0.0
ISP,609753,CHICAGO AGRICULTURE HS,  818 ,257,31.4,392,47.9,0,0.0,2,0.2,150,18.3,7,0.9,1,0.1,3,0.4,6,0.7
ISP,609795,CLARK ES,  182 ,7,3.8,105,57.7,0,0.0,0,0.0,61,33.5,2,1.1,5,2.7,2,1.1,0,0.0
ISP,610244,CLARK HS,  524 ,1,0.2,511,97.5,0,0.0,0,0.0,11,2.1,1,0.2,0,0.0,0,0.0,0,0.0
ISP,609859,CLINTON,"  1,079 ",118,10.9,147,13.6,0,0.0,9,0.8,289,26.8,4,0.4,510,47.3,0,0.0,2,0.2
ISP,610170,COLUMBIA EXPLORERS,  834 ,5,0.6,3,0.4,0,0.0,1,0.1,823,98.7,0,0.0,2,0.2,0,0.0,0,0.0
ISP,609863,COLUMBUS,  250 ,144,57.6,27,10.8,0,0.0,0,0.0,69,27.6,7,2.8,3,1.2,0,0.0,0,0.0
ISP,609866,COONLEY,  966 ,644,66.7,18,1.9,0,0.0,0,0.0,169,17.5,85,8.8,45,4.7,5,0.5,0,0.0
ISP,609870,CORKERY,  422 ,5,1.2,64,15.2,0,0.0,1,0.2,349,82.7,0,0.0,1,0.2,2,0.5,0,0.0
ISP,609899,EBINGER,  847 ,709,83.7,3,0.4,0,0.0,1,0.1,101,11.9,9,1.1,19,2.2,2,0.2,3,0.4
ISP,609909,EVERETT,  124 ,3,2.4,6,4.8,0,0.0,0,0.0,105,84.7,5,4.0,5,4.0,0,0.0,0,0.0
ISP,610503,FRAZIER PROSPECTIVE,  196 ,0,0.0,191,97.4,0,0.0,0,0.0,4,2.0,0,0.0,0,0.0,1,0.5,0,0.0
ISP,609945,GOUDY,  621 ,42,6.8,181,29.1,0,0.0,5,0.8,156,25.1,13,2.1,211,34.0,1,0.2,12,1.9
ISP,609958,GUNSAULUS,  726 ,9,1.2,26,3.6,0,0.0,2,0.3,673,92.7,2,0.3,11,1.5,1,0.1,2,0.3
ISP,609996,HOLDEN,  427 ,68,15.9,42,9.8,0,0.0,0,0.0,241,56.4,3,0.7,71,16.6,0,0.0,2,0.5
ISP,610384,INFINITY HS,  398 ,0,0.0,12,3.0,0,0.0,0,0.0,385,96.7,0,0.0,1,0.3,0,0.0,0,0.0
ISP,609678,JONES HS,"  1,964 ",786,40.0,220,11.2,0,0.0,3,0.2,571,29.1,68,3.5,282,14.4,16,0.8,18,0.9
ISP,610015,JUNGMAN,  248 ,16,6.5,42,16.9,0,0.0,3,1.2,172,69.4,3,1.2,9,3.6,1,0.4,2,0.8
ISP,610026,KINZIE,  681 ,134,19.7,32,4.7,0,0.0,0,0.0,505,74.2,7,1.0,3,0.4,0,0.0,0,0.0
ISP,610027,KIPLING,  276 ,0,0.0,274,99.3,0,0.0,0,0.0,1,0.4,1,0.4,0,0.0,0,0.0,0,0.0
ISP,609993,LARA,  382 ,4,1.0,8,2.1,0,0.0,2,0.5,364,95.3,4,1.1,0,0.0,0,0.0,0,0.0
ISP,610520,LASALLE II,  574 ,162,28.2,113,19.7,0,0.0,1,0.2,243,42.3,36,6.3,14,2.4,5,0.9,0,0.0
ISP,610291,LEE,  721 ,15,2.1,7,1.0,0,0.0,0,0.0,699,96.9,0,0.0,0,0.0,0,0.0,0,0.0
ISP,610298,LENART,  278 ,42,15.1,177,63.7,0,0.0,0,0.0,9,3.2,10,3.6,40,14.4,0,0.0,0,0.0
ISP,610038,LINCOLN,  919 ,519,56.5,107,11.6,0,0.0,2,0.2,92,10.0,70,7.6,129,14.0,0,0.0,0,0.0
ISP,610391,LINDBLOM HS,"  1,397 ",53,3.8,939,67.2,0,0.0,4,0.3,383,27.4,7,0.5,11,0.8,0,0.0,0,0.0
ISP,609834,LITTLE VILLAGE,  673 ,1,0.1,1,0.1,0,0.0,2,0.3,668,99.3,0,0.0,1,0.1,0,0.0,0,0.0
ISP,610040,LLOYD,  886 ,8,0.9,27,3.0,0,0.0,4,0.5,841,94.9,4,0.5,1,0.1,0,0.0,1,0.1
ISP,610541,LORCA,  688 ,31,4.5,15,2.2,0,0.0,2,0.3,612,89.0,1,0.2,3,0.4,1,0.1,23,3.3
ISP,609780,MARINE LEADERSHIP AT AMES HS,  829 ,18,2.2,13,1.6,0,0.0,0,0.0,793,95.7,3,0.4,2,0.2,0,0.0,0,0.0
ISP,610054,MARSH,  724 ,15,2.1,57,7.9,0,0.0,4,0.6,645,89.1,0,0.0,0,0.0,1,0.1,2,0.3
ISP,610312,MCDOWELL,  147 ,2,1.4,138,93.9,0,0.0,0,0.0,5,3.4,2,1.4,0,0.0,0,0.0,0,0.0
ISP,610082,MOUNT GREENWOOD,"  1,235 ",1013,82.0,24,1.9,0,0.0,0,0.0,174,14.1,12,1.0,9,0.7,3,0.2,0,0.0
ISP,610098,NOBEL,  643 ,10,1.6,78,12.1,0,0.0,1,0.2,552,85.8,2,0.3,0,0.0,0,0.0,0,0.0
ISP,609749,NORTHSIDE PREP HS,"  1,059 ",326,30.8,58,5.5,7,0.7,3,0.3,322,30.4,32,3.0,203,19.2,7,0.7,101,9.5
ISP,609950,ORTIZ DE DOMINGUEZ,  415 ,1,0.2,3,0.7,0,0.0,0,0.0,411,99.0,0,0.0,0,0.0,0,0.0,0,0.0
ISP,610111,PALMER,  732 ,237,32.4,5,0.7,0,0.0,4,0.5,322,44.0,13,1.8,129,17.6,18,2.5,4,0.5
ISP,610386,PEACE AND EDUCATION HS,  86 ,3,3.5,18,20.9,0,0.0,0,0.0,65,75.6,0,0.0,0,0.0,0,0.0,0,0.0
ISP,610120,PECK,  818 ,21,2.6,12,1.5,0,0.0,1,0.1,781,95.5,1,0.1,2,0.2,0,0.0,0,0.0
ISP,610122,PEIRCE,"  1,021 ",416,40.7,95,9.3,0,0.0,9,0.9,379,37.1,65,6.4,55,5.4,2,0.2,0,0.0
ISP,610304,PHOENIX MILITARY HS,  578 ,14,2.4,83,14.4,0,0.0,2,0.3,456,78.9,4,0.7,16,2.8,3,0.5,0,0.0
ISP,610129,PICKARD,  372 ,16,4.3,8,2.2,0,0.0,0,0.0,348,93.5,0,0.0,0,0.0,0,0.0,0,0.0
ISP,610390,RICKOVER MILITARY HS,  447 ,50,11.2,21,4.7,0,0.0,2,0.4,350,78.3,3,0.7,21,4.7,0,0.0,0,0.0
ISP,610147,ROGERS,  727 ,126,17.3,142,19.5,0,0.0,3,0.4,256,35.2,28,3.9,170,23.4,2,0.3,0,0.0
ISP,610250,SALAZAR,  308 ,6,1.9,92,29.9,0,0.0,0,0.0,202,65.6,3,1.0,5,1.6,0,0.0,0,0.0
ISP,610226,SANDOVAL,  842 ,5,0.6,14,1.7,0,0.0,9,1.1,811,96.3,3,0.4,0,0.0,0,0.0,0,0.0
ISP,610081,SHERIDAN,  550 ,69,12.5,95,17.3,0,0.0,0,0.0,118,21.5,20,3.6,247,44.9,1,0.2,0,0.0
ISP,610173,SHERWOOD,  263 ,0,0.0,247,93.9,0,0.0,1,0.4,12,4.6,0,0.0,0,0.0,0,0.0,3,1.1
ISP,610177,SKINNER,"  1,194 ",302,25.3,284,23.8,0,0.0,27,2.3,123,10.3,51,4.3,351,29.4,4,0.3,52,4.4
ISP,610179,SMYSER,  827 ,207,25.0,15,1.8,0,0.0,7,0.8,521,63.0,7,0.9,40,4.8,2,0.2,28,3.4
ISP,609990,SOUTH LOOP,  784 ,205,26.1,295,37.6,0,0.0,7,0.9,92,11.7,58,7.4,121,15.4,6,0.8,0,0.0
ISP,609745,SOUTHSIDE HS,  327 ,19,5.8,212,64.8,0,0.0,0,0.0,94,28.7,1,0.3,1,0.3,0,0.0,0,0.0
ISP,610548,STEM,  407 ,49,12.0,136,33.4,0,0.0,0,0.0,104,25.6,12,3.0,99,24.3,2,0.5,5,1.2
ISP,610249,TALMAN,  362 ,2,0.6,5,1.4,0,0.0,2,0.6,351,97.0,1,0.3,1,0.3,0,0.0,0,0.0
ISP,610504,THOMAS,  117 ,9,7.7,0,0.0,0,0.0,0,0.0,81,69.2,4,3.4,22,18.8,0,0.0,1,0.9
ISP,610201,THORP O,  843 ,254,30.1,65,7.7,0,0.0,5,0.6,463,54.9,18,2.1,31,3.7,5,0.6,2,0.2
ISP,610203,TONTI,  845 ,3,0.4,19,2.2,0,0.0,3,0.4,806,95.4,0,0.0,1,0.1,0,0.0,13,1.5
ISP,609895,TURNER-DREW,  212 ,0,0.0,206,97.2,0,0.0,0,0.0,4,1.9,0,0.0,0,0.0,0,0.0,2,0.9
ISP,610039,VON LINNE,  659 ,81,12.3,21,3.2,0,0.0,4,0.6,522,79.2,17,2.6,9,1.4,5,0.8,0,0.0
ISP,610366,WACKER,  230 ,0,0.0,227,98.7,0,0.0,0,0.0,3,1.3,0,0.0,0,0.0,0,0.0,0,0.0
ISP,610217,WARD J,  568 ,46,8.1,59,10.4,0,0.0,0,0.0,57,10.0,1,0.2,405,71.3,0,0.0,0,0.0
ISP,610100,WEST PARK,  477 ,5,1.0,94,19.7,0,0.0,1,0.2,376,78.8,0,0.0,1,0.2,0,0.0,0,0.0
ISP,610542,WEST RIDGE,  728 ,268,36.8,50,6.9,0,0.0,2,0.3,171,23.5,5,0.7,231,31.7,0,0.0,1,0.1
ISP,609755,YOUNG HS,"  2,208 ",580,26.3,409,18.5,1,0.0,5,0.2,626,28.4,88,4.0,469,21.2,14,0.6,16,0.7
ISP,609973,ZAPATA,  621 ,5,0.8,1,0.2,0,0.0,0,0.0,615,99.0,0,0.0,0,0.0,0,0.0,0,0.0
Charter,400153,ACERO - BRIGHTON PARK,  565 ,0,0.0,3,0.5,0,0.0,0,0.0,562,99.5,0,0.0,0,0.0,0,0.0,0,0.0
Charter,400101,ACERO - CISNEROS,  491 ,6,1.2,3,0.6,0,0.0,1,0.2,478,97.4,0,0.0,1,0.2,0,0.0,2,0.4
Charter,400120,ACERO - CLEMENTE,  528 ,3,0.6,30,5.7,0,0.0,3,0.6,484,91.7,1,0.2,0,0.0,3,0.6,4,0.8
Charter,400121,ACERO - DE LA CRUZ,  565 ,14,2.5,271,48.0,0,0.0,1,0.2,267,47.3,5,0.9,6,1.1,1,0.2,0,0.0
Charter,400081,ACERO - DE LAS CASAS,  258 ,0,0.0,4,1.6,0,0.0,0,0.0,253,98.1,0,0.0,1,0.4,0,0.0,0,0.0
Charter,400082,ACERO - FUENTES,  468 ,2,0.4,8,1.7,0,0.0,2,0.4,454,97.0,0,0.0,2,0.4,0,0.0,0,0.0
Charter,400085,ACERO - GARCIA HS,  638 ,12,1.9,15,2.4,0,0.0,0,0.0,611,95.8,0,0.0,0,0.0,0,0.0,0,0.0
Charter,400112,ACERO - IDAR,  551 ,2,0.4,2,0.4,0,0.0,1,0.2,546,99.1,0,0.0,0,0.0,0,0.0,0,0.0
Charter,400089,ACERO - MARQUEZ,  553 ,3,0.5,1,0.2,0,0.0,1,0.2,548,99.1,0,0.0,0,0.0,0,0.0,0,0.0
Charter,400083,ACERO - PAZ,  236 ,3,1.3,15,6.4,0,0.0,0,0.0,215,91.1,3,1.3,0,0.0,0,0.0,0,0.0
Charter,400114,ACERO - SANTIAGO,  249 ,4,1.6,3,1.2,0,0.0,1,0.4,239,96.0,0,0.0,1,0.4,0,0.0,1,0.4
Charter,400149,ACERO - SOTO HS,  520 ,2,0.4,7,1.3,0,0.0,0,0.0,511,98.3,0,0.0,0,0.0,0,0.0,0,0.0
Charter,400084,ACERO - TAMAYO,  279 ,0,0.0,4,1.4,0,0.0,2,0.7,273,97.8,0,0.0,0,0.0,0,0.0,0,0.0
Charter,400080,ACERO - TORRES,  575 ,4,0.7,5,0.9,0,0.0,1,0.2,565,98.3,0,0.0,0,0.0,0,0.0,0,0.0
Charter,400079,ACERO - ZIZUMBO,  588 ,10,1.7,2,0.3,0,0.0,2,0.3,571,97.1,2,0.3,1,0.2,0,0.0,0,0.0
Charter,400060,AHS - PASSAGES,  370 ,31,8.4,173,46.8,0,0.0,1,0.3,56,15.1,7,1.9,101,27.3,1,0.3,0,0.0
Charter,400181,ART IN MOTION,  262 ,1,0.4,253,96.6,0,0.0,0,0.0,7,2.7,1,0.4,0,0.0,0,0.0,0,0.0
Charter,400172,ASPIRA - BUSINESS & FINANCE HS,  545 ,12,2.2,23,4.2,0,0.0,0,0.0,502,92.1,3,0.6,1,0.2,3,0.6,1,0.2
Charter,400013,ASPIRA - EARLY COLLEGE HS,  298 ,4,1.3,8,2.7,0,0.0,0,0.0,283,95.0,1,0.3,2,0.7,0,0.0,0,0.0
Charter,400017,ASPIRA - HAUGAN,  170 ,2,1.2,7,4.1,0,0.0,0,0.0,154,90.6,0,0.0,5,2.9,0,0.0,2,1.2
Charter,400021,CATALYST - CIRCLE ROCK,  513 ,0,0.0,500,97.5,0,0.0,0,0.0,10,1.9,1,0.2,2,0.4,0,0.0,0,0.0
Charter,400115,CATALYST - MARIA,"  1,101 ",13,1.2,461,41.9,0,0.0,0,0.0,623,56.6,4,0.4,0,0.0,0,0.0,0,0.0
Charter,400161,CHICAGO COLLEGIATE,  341 ,1,0.3,326,95.6,0,0.0,1,0.3,9,2.6,3,0.9,0,0.0,1,0.3,0,0.0
Charter,400035,CHICAGO MATH & SCIENCE HS,  612 ,44,7.2,210,34.3,0,0.0,4,0.7,277,45.3,10,1.6,67,10.9,0,0.0,0,0.0
Charter,400159,CHRISTOPHER HOUSE,  501 ,5,1.0,10,2.0,0,0.0,0,0.0,458,91.4,1,0.2,0,0.0,1,0.2,26,5.2
Charter,400023,CICS - AVALON/SOUTH SHORE,  491 ,0,0.0,478,97.4,0,0.0,0,0.0,8,1.6,4,0.8,1,0.2,0,0.0,0,0.0
Charter,400024,CICS - BASIL,  596 ,2,0.3,488,81.9,0,0.0,2,0.3,101,16.9,3,0.5,0,0.0,0,0.0,0,0.0
Charter,400092,CICS - BOND,  307 ,0,0.0,300,97.7,0,0.0,0,0.0,1,0.3,0,0.0,0,0.0,0,0.0,6,2.0
Charter,400025,CICS - BUCKTOWN,  696 ,23,3.3,104,14.9,0,0.0,6,0.9,549,78.9,13,1.9,1,0.1,0,0.0,0,0.0
Charter,400113,CICS - CHICAGOQUEST HS,  114 ,2,1.8,101,88.6,0,0.0,0,0.0,10,8.8,0,0.0,1,0.9,0,0.0,0,0.0
Charter,400032,CICS - ELLISON HS,  201 ,0,0.0,200,99.5,0,0.0,0,0.0,1,0.5,0,0.0,0,0.0,0,0.0,0,0.0
Charter,400027,CICS - IRVING PARK,  556 ,81,14.6,25,4.5,0,0.0,3,0.5,407,73.2,8,1.4,28,5.0,4,0.7,0,0.0
Charter,400033,CICS - LONGWOOD,"  1,305 ",0,0.0,1299,99.5,0,0.0,0,0.0,3,0.2,0,0.0,0,0.0,0,0.0,3,0.2
Charter,400026,CICS - LOOMIS,  441 ,0,0.0,436,98.9,0,0.0,0,0.0,5,1.1,0,0.0,0,0.0,0,0.0,0,0.0
Charter,400034,CICS - NORTHTOWN HS,  909 ,169,18.6,54,5.9,0,0.0,2,0.2,530,58.3,9,1.0,140,15.4,5,0.6,0,0.0
Charter,400028,CICS - PRAIRIE,  430 ,3,0.7,240,55.8,0,0.0,2,0.5,184,42.8,1,0.2,0,0.0,0,0.0,0,0.0
Charter,400029,CICS - WASHINGTON PARK,  497 ,0,0.0,489,98.4,0,0.0,0,0.0,8,1.6,0,0.0,0,0.0,0,0.0,0,0.0
Charter,400030,CICS - WEST BELDEN,  548 ,3,0.5,37,6.8,0,0.0,0,0.0,504,92.0,3,0.6,1,0.2,0,0.0,0,0.0
Charter,400031,CICS - WRIGHTWOOD,  726 ,4,0.6,686,94.5,0,0.0,5,0.7,26,3.6,5,0.7,0,0.0,0,0.0,0,0.0
Charter,400094,EPIC HS,  520 ,5,1.0,305,58.7,0,0.0,0,0.0,186,35.8,7,1.4,0,0.0,0,0.0,17,3.3
Charter,400039,ERIE,  400 ,9,2.3,47,11.8,0,0.0,1,0.3,336,84.0,5,1.3,1,0.3,1,0.3,0,0.0
Charter,400009,GLOBAL CITIZENSHIP,  469 ,18,3.8,17,3.6,0,0.0,3,0.6,431,91.9,0,0.0,0,0.0,0,0.0,0,0.0
Charter,400168,GREAT LAKES,  469 ,0,0.0,398,84.9,0,0.0,1,0.2,53,11.3,4,0.9,0,0.0,0,0.0,13,2.8
Charter,400167,HORIZON - SOUTHWEST,  756 ,5,0.7,221,29.2,0,0.0,1,0.1,527,69.7,1,0.1,0,0.0,1,0.1,0,0.0
Charter,400104,INSTITUTO - HEALTH,  599 ,0,0.0,13,2.2,0,0.0,2,0.3,584,97.5,0,0.0,0,0.0,0,0.0,0,0.0
Charter,400162,INTRINSIC HS,"  1,014 ",27,2.7,39,3.8,0,0.0,0,0.0,941,92.8,0,0.0,2,0.2,0,0.0,5,0.5
Charter,400146,KIPP - ACADEMY,  564 ,2,0.4,544,96.5,0,0.0,0,0.0,16,2.8,1,0.2,0,0.0,1,0.2,0,0.0
Charter,400044,KIPP - ASCEND,  931 ,1,0.1,887,95.3,0,0.0,0,0.0,36,3.9,7,0.8,0,0.0,0,0.0,0,0.0
Charter,400163,KIPP - BLOOM,  682 ,3,0.4,642,94.1,0,0.0,3,0.4,25,3.7,4,0.6,0,0.0,0,0.0,5,0.7
Charter,400180,KIPP - ONE,  973 ,3,0.3,637,65.5,0,0.0,1,0.1,327,33.6,4,0.4,1,0.1,0,0.0,0,0.0
Charter,400151,LEARN - 7,  168 ,0,0.0,159,94.6,0,0.0,0,0.0,8,4.8,1,0.6,0,0.0,0,0.0,0,0.0
Charter,400046,LEARN - BUTLER,  526 ,0,0.0,518,98.5,0,0.0,0,0.0,7,1.3,1,0.2,0,0.0,0,0.0,0,0.0
Charter,400047,LEARN - CAMPBELL,  415 ,1,0.2,396,95.4,0,0.0,0,0.0,16,3.9,2,0.5,0,0.0,0,0.0,0,0.0
Charter,400048,LEARN - EXCEL,  427 ,1,0.2,410,96.0,0,0.0,0,0.0,12,2.8,3,0.7,0,0.0,0,0.0,1,0.2
Charter,400165,LEARN - MIDDLE,  319 ,1,0.3,304,95.3,0,0.0,0,0.0,12,3.8,1,0.3,1,0.3,0,0.0,0,0.0
Charter,400111,LEARN - PERKINS,  486 ,0,0.0,451,92.8,0,0.0,0,0.0,6,1.2,1,0.2,0,0.0,0,0.0,28,5.8
Charter,400107,LEARN - SOUTH CHICAGO,  438 ,2,0.5,388,88.6,0,0.0,1,0.2,46,10.5,0,0.0,0,0.0,0,0.0,1,0.2
Charter,400049,LEGACY,  453 ,2,0.4,434,95.8,0,0.0,0,0.0,17,3.8,0,0.0,0,0.0,0,0.0,0,0.0
Charter,400119,LEGAL PREP HS,  241 ,0,0.0,240,99.6,0,0.0,0,0.0,1,0.4,0,0.0,0,0.0,0,0.0,0,0.0
Charter,400011,LOCKE A,  443 ,0,0.0,440,99.3,0,0.0,0,0.0,3,0.7,0,0.0,0,0.0,0,0.0,0,0.0
Charter,400116,MONTESSORI ENGLEWOOD,  312 ,3,1.0,284,91.0,0,0.0,1,0.3,24,7.7,0,0.0,0,0.0,0,0.0,0,0.0
Charter,400178,MOVING EVEREST,  639 ,1,0.2,622,97.3,0,0.0,0,0.0,14,2.2,2,0.3,0,0.0,0,0.0,0,0.0
Charter,400050,NAMASTE,  463 ,23,5.0,11,2.4,0,0.0,1,0.2,418,90.3,8,1.7,2,0.4,0,0.0,0,0.0
Charter,400058,NLCP - CHRISTIANA HS,  329 ,1,0.3,325,98.8,0,0.0,0,0.0,3,0.9,0,0.0,0,0.0,0,0.0,0,0.0
Charter,400059,NLCP - COLLINS HS,  448 ,0,0.0,440,98.2,0,0.0,1,0.2,6,1.3,1,0.2,0,0.0,0,0.0,0,0.0
Charter,400170,NOBLE - ACADEMY HS,  533 ,6,1.1,208,39.0,0,0.0,1,0.2,287,53.8,2,0.4,28,5.3,0,0.0,1,0.2
Charter,400157,NOBLE - BAKER HS,  245 ,1,0.4,189,77.1,0,0.0,1,0.4,52,21.2,1,0.4,0,0.0,1,0.4,0,0.0
Charter,400097,NOBLE - BULLS HS,"  1,194 ",7,0.6,410,34.3,0,0.0,5,0.4,762,63.8,5,0.4,5,0.4,0,0.0,0,0.0
Charter,400156,NOBLE - BUTLER HS,  637 ,1,0.2,598,93.9,0,0.0,0,0.0,34,5.3,3,0.5,0,0.0,0,0.0,1,0.2
Charter,400052,NOBLE - COMER,"  1,186 ",1,0.1,1141,96.2,0,0.0,1,0.1,26,2.2,6,0.5,1,0.1,1,0.1,9,0.8
Charter,400118,NOBLE - DRW HS,  299 ,1,0.3,278,93.0,0,0.0,0,0.0,18,6.0,0,0.0,0,0.0,0,0.0,2,0.7
Charter,400053,NOBLE - GOLDER HS,  663 ,14,2.1,136,20.5,0,0.0,1,0.2,502,75.7,3,0.5,2,0.3,0,0.0,5,0.8
Charter,400117,NOBLE - HANSBERRY HS,  499 ,1,0.2,491,98.4,0,0.0,0,0.0,5,1.0,1,0.2,0,0.0,0,0.0,1,0.2
Charter,400169,NOBLE - ITW SPEER HS,"  1,133 ",14,1.2,118,10.4,0,0.0,4,0.4,990,87.4,2,0.2,0,0.0,1,0.1,4,0.4
Charter,400106,NOBLE - JOHNSON HS,  523 ,1,0.2,500,95.6,0,0.0,2,0.4,19,3.6,1,0.2,0,0.0,0,0.0,0,0.0
Charter,400179,NOBLE - MANSUETO HS,"  1,124 ",8,0.7,15,1.3,0,0.0,3,0.3,1085,96.5,0,0.0,11,1.0,1,0.1,1,0.1
Charter,400098,NOBLE - MUCHIN HS,  982 ,9,0.9,301,30.7,0,0.0,2,0.2,626,63.7,3,0.3,41,4.2,0,0.0,0,0.0
Charter,400051,NOBLE - NOBLE HS,  692 ,13,1.9,99,14.3,0,0.0,2,0.3,569,82.2,2,0.3,7,1.0,0,0.0,0,0.0
Charter,400054,NOBLE - PRITZKER HS,  981 ,13,1.3,41,4.2,0,0.0,2,0.2,923,94.1,1,0.1,1,0.1,0,0.0,0,0.0
Charter,400055,NOBLE - RAUNER HS,  662 ,19,2.9,156,23.6,0,0.0,2,0.3,476,71.9,3,0.5,0,0.0,0,0.0,6,0.9
Charter,400056,NOBLE - ROWE CLARK HS,  398 ,4,1.0,333,83.7,0,0.0,0,0.0,55,13.8,3,0.8,0,0.0,1,0.3,2,0.5
Charter,400057,NOBLE - UIC HS,"  1,004 ",16,1.6,317,31.6,0,0.0,3,0.3,627,62.5,3,0.3,34,3.4,4,0.4,0,0.0
Charter,400064,PERSPECTIVES - JOSLIN HS,  366 ,1,0.3,343,93.7,0,0.0,0,0.0,15,4.1,2,0.6,3,0.8,1,0.3,1,0.3
Charter,400061,PERSPECTIVES - LEADERSHIP HS,  537 ,0,0.0,534,99.4,0,0.0,0,0.0,1,0.2,2,0.4,0,0.0,0,0.0,0,0.0
Charter,400066,PERSPECTIVES - MATH & SCI HS,  423 ,0,0.0,416,98.3,0,0.0,0,0.0,6,1.4,0,0.0,0,0.0,0,0.0,1,0.2
Charter,400062,PERSPECTIVES - TECH HS,  337 ,1,0.3,333,98.8,0,0.0,1,0.3,0,0.0,1,0.3,0,0.0,0,0.0,1,0.3
Charter,400069,POLARIS,  404 ,5,1.2,358,88.6,0,0.0,0,0.0,33,8.2,3,0.7,0,0.0,0,0.0,5,1.2
Charter,400071,PROVIDENCE ENGLEWOOD,  460 ,2,0.4,446,97.0,0,0.0,0,0.0,11,2.4,1,0.2,0,0.0,0,0.0,0,0.0
Charter,400096,ROWE,  985 ,18,1.8,238,24.2,0,0.0,2,0.2,710,72.1,6,0.6,0,0.0,0,0.0,11,1.1
Charter,400075,U OF C - DONOGHUE,  489 ,0,0.0,476,97.3,0,0.0,1,0.2,10,2.0,2,0.4,0,0.0,0,0.0,0,0.0
Charter,400076,U OF C - NKO,  329 ,5,1.5,320,97.3,0,0.0,1,0.3,1,0.3,2,0.6,0,0.0,0,0.0,0,0.0
Charter,400077,U OF C - WOODLAWN HS,  648 ,0,0.0,614,94.8,0,0.0,0,0.0,5,0.8,0,0.0,0,0.0,0,0.0,29,4.5
Charter,400105,URBAN PREP - BRONZEVILLE HS,  337 ,0,0.0,335,99.4,0,0.0,1,0.3,1,0.3,0,0.0,0,0.0,0,0.0,0,0.0
Charter,400086,URBAN PREP - ENGLEWOOD HS,  216 ,1,0.5,214,99.1,0,0.0,0,0.0,1,0.5,0,0.0,0,0.0,0,0.0,0,0.0
Contract,400022,CHIARTS HS,  614 ,109,17.8,196,31.9,0,0.0,1,0.2,241,39.3,10,1.6,10,1.6,2,0.3,45,7.3
Contract,400091,CHICAGO TECH HS,  380 ,6,1.6,306,80.5,0,0.0,1,0.3,66,17.4,1,0.3,0,0.0,0,0.0,0,0.0
Contract,400043,HOPE LEARNING ACADEMY,  255 ,2,0.8,227,89.0,0,0.0,0,0.0,25,9.8,0,0.0,1,0.4,0,0.0,0,0.0
Contract,400068,PLATO,  206 ,0,0.0,204,99.0,0,0.0,0,0.0,2,1.0,0,0.0,0,0.0,0,0.0,0,0.0
Options,610565,CAMELOT - EXCEL ENGLEWOOD HS,  275 ,0,0.0,264,96.0,0,0.0,1,0.4,5,1.8,0,0.0,0,0.0,0,0.0,5,1.8
Options,400147,CAMELOT - EXCEL HS,  306 ,1,0.3,300,98.0,0,0.0,0,0.0,2,0.7,0,0.0,0,0.0,0,0.0,3,1.0
Options,400175,CAMELOT - EXCEL SOUTHSHORE HS,  231 ,3,1.3,172,74.5,0,0.0,1,0.4,47,20.3,1,0.4,0,0.0,0,0.0,7,3.0
Options,400176,CAMELOT - EXCEL SOUTHWEST HS,  130 ,1,0.8,98,75.4,0,0.0,1,0.8,30,23.1,0,0.0,0,0.0,0,0.0,0,0.0
Options,610572,CAMELOT - SAFE ES,  3 ,0,0.0,3,100.0,0,0.0,0,0.0,0,0.0,0,0.0,0,0.0,0,0.0,0,0.0
Options,610573,CAMELOT - SAFE HS,  9 ,0,0.0,8,88.9,0,0.0,0,0.0,1,11.1,0,0.0,0,0.0,0,0.0,0,0.0
Options,400164,INSTITUTO - JUSTICE HS,  98 ,0,0.0,2,2.0,0,0.0,0,0.0,96,98.0,0,0.0,0,0.0,0,0.0,0,0.0
Options,400137,LITTLE BLACK PEARL HS,  120 ,2,1.7,118,98.3,0,0.0,0,0.0,0,0.0,0,0.0,0,0.0,0,0.0,0,0.0
Options,610569,OMBUDSMAN - NORTHWEST HS,  250 ,45,18.0,16,6.4,0,0.0,4,1.6,153,61.2,6,2.4,26,10.4,0,0.0,0,0.0
Options,610593,OMBUDSMAN - ROSELAND HS,  182 ,1,0.5,177,97.3,0,0.0,0,0.0,4,2.2,0,0.0,0,0.0,0,0.0,0,0.0
Options,610570,OMBUDSMAN - SOUTH HS,  434 ,9,2.1,196,45.2,0,0.0,0,0.0,228,52.5,1,0.2,0,0.0,0,0.0,0,0.0
Options,610571,OMBUDSMAN - WEST HS,  232 ,3,1.3,148,63.8,0,0.0,0,0.0,79,34.1,1,0.4,1,0.4,0,0.0,0,0.0
Options,610557,PATHWAYS - ASHBURN HS,  328 ,28,8.5,100,30.5,0,0.0,1,0.3,195,59.5,3,0.9,0,0.0,1,0.3,0,0.0
Options,610568,PATHWAYS - AVONDALE HS,  301 ,29,9.6,32,10.6,0,0.0,0,0.0,223,74.1,7,2.3,8,2.7,2,0.7,0,0.0
Options,400173,PATHWAYS - BRIGHTON PARK HS,  407 ,14,3.4,14,3.4,0,0.0,2,0.5,374,91.9,0,0.0,3,0.7,0,0.0,0,0.0
Options,610594,PATHWAYS - HUMBOLDT PARK HS,  149 ,10,6.7,25,16.8,0,0.0,0,0.0,113,75.8,1,0.7,0,0.0,0,0.0,0,0.0
Options,400134,YCCS - ADDAMS,  214 ,8,3.7,51,23.8,0,0.0,0,0.0,146,68.2,0,0.0,3,1.4,1,0.5,5,2.3
Options,400125,YCCS - ASPIRA PANTOJA,  173 ,2,1.2,13,7.5,0,0.0,2,1.2,152,87.9,1,0.6,0,0.0,0,0.0,3,1.7
Options,400126,YCCS - ASSOCIATION HOUSE,  135 ,3,2.2,36,26.7,0,0.0,0,0.0,93,68.9,0,0.0,1,0.7,1,0.7,1,0.7
Options,400127,YCCS - AUSTIN CAREER,  79 ,0,0.0,75,94.9,0,0.0,0,0.0,4,5.1,0,0.0,0,0.0,0,0.0,0,0.0
Options,400131,YCCS - CAMPOS,  170 ,3,1.8,29,17.1,0,0.0,1,0.6,134,78.8,2,1.2,0,0.0,0,0.0,1,0.6
Options,400128,YCCS - CCA ACADEMY,  123 ,0,0.0,119,96.7,0,0.0,0,0.0,3,2.4,1,0.8,0,0.0,0,0.0,0,0.0
Options,400150,YCCS - CHATHAM,  182 ,0,0.0,177,97.3,0,0.0,0,0.0,3,1.6,1,0.6,0,0.0,0,0.0,1,0.5
Options,400133,YCCS - INNOVATIONS,  361 ,4,1.1,333,92.2,0,0.0,0,0.0,22,6.1,2,0.6,0,0.0,0,0.0,0,0.0
Options,400135,YCCS - LATINO YOUTH,  196 ,6,3.1,8,4.1,0,0.0,2,1.0,180,91.8,0,0.0,0,0.0,0,0.0,0,0.0
Options,400124,YCCS - MCKINLEY,  130 ,0,0.0,120,92.3,0,0.0,0,0.0,5,3.8,0,0.0,3,2.3,0,0.0,2,1.5
Options,400136,YCCS - OLIVE HARVEY,  99 ,0,0.0,85,85.9,0,0.0,1,1.0,12,12.1,1,1.0,0,0.0,0,0.0,0,0.0
Options,400129,YCCS - PROGRESSIVE LEADERSHIP,  161 ,1,0.6,156,96.9,0,0.0,0,0.0,2,1.2,1,0.6,1,0.6,0,0.0,0,0.0
Options,400123,YCCS - SCHOLASTIC ACHIEVEMENT,  162 ,1,0.6,154,95.1,0,0.0,2,1.2,5,3.1,0,0.0,0,0.0,0,0.0,0,0.0
Options,400139,YCCS - SULLIVAN,  327 ,0,0.0,289,88.4,0,0.0,2,0.6,34,10.4,2,0.6,0,0.0,0,0.0,0,0.0
Options,400141,YCCS - TRUMAN,  189 ,16,8.5,54,28.6,0,0.0,2,1.1,98,51.9,2,1.1,10,5.3,0,0.0,7,3.7
Options,400144,YCCS - WEST,  118 ,1,0.8,81,68.6,0,0.0,1,0.8,34,28.8,1,0.9,0,0.0,0,0.0,0,0.0
Options,400143,YCCS - WEST TOWN,  137 ,1,0.7,84,61.3,0,0.0,2,1.5,49,35.8,0,0.0,1,0.7,0,0.0,0,0.0
Options,400145,YCCS - YOUTH CONNECTION,  126 ,3,2.4,118,93.7,0,0.0,1,0.8,4,3.2,0,0.0,0,0.0,0,0.0,0,0.0
Options,400130,YCCS - YOUTH DEVELOPMENT,  89 ,0,0.0,85,95.5,0,0.0,1,1.1,1,1.1,0,0.0,0,0.0,0,0.0,2,2.2